combination_id,run_time_sec,phase,is_full_dataset,n_dft_bins,n_avg_samples,srp_grid_cells,freq_min,freq_max,mae,median_error,p95_error,n_samples,success_rate,phase1_mae
0.0,10.380385875701904,1.0,False,256.0,1.0,360.0,200.0,3000.0,90.54025332121644,93.52111742667682,165.99074925850533,100,1.0,
1.0,7.401021957397461,1.0,False,256.0,1.0,360.0,200.0,4000.0,95.57902091925936,100.51250331170262,173.575,100,1.0,
2.0,7.521331071853638,1.0,False,256.0,1.0,360.0,300.0,3000.0,89.10081075507378,95.18753049944377,174.5447462350967,100,1.0,
3.0,7.6142919063568115,1.0,False,256.0,1.0,360.0,300.0,4000.0,93.67864456027482,96.25,172.702822901164,100,1.0,
4.0,12.52405881881714,1.0,False,256.0,1.0,720.0,200.0,3000.0,90.51260946143697,93.27111742667682,166.01574925850534,100,1.0,
5.0,12.449289798736572,1.0,False,256.0,1.0,720.0,200.0,4000.0,95.60902091925936,100.76250331170262,174.05,100,1.0,
6.0,12.62433695793152,1.0,False,256.0,1.0,720.0,300.0,3000.0,89.11081075507379,95.167820428478,174.0697462350967,100,1.0,
7.0,12.768180131912231,1.0,False,256.0,1.0,720.0,300.0,4000.0,93.63864456027484,96.0,172.202822901164,100,1.0,
8.0,7.849776983261108,1.0,False,256.0,5.0,360.0,200.0,3000.0,90.54025332121644,93.52111742667682,165.99074925850533,100,1.0,
9.0,7.691809892654419,1.0,False,256.0,5.0,360.0,200.0,4000.0,95.57902091925936,100.51250331170262,173.575,100,1.0,
10.0,7.742218017578125,1.0,False,256.0,5.0,360.0,300.0,3000.0,89.10081075507378,95.18753049944377,174.5447462350967,100,1.0,
11.0,7.664311170578003,1.0,False,256.0,5.0,360.0,300.0,4000.0,93.67864456027482,96.25,172.702822901164,100,1.0,
12.0,12.637019157409668,1.0,False,256.0,5.0,720.0,200.0,3000.0,90.51260946143697,93.27111742667682,166.01574925850534,100,1.0,
13.0,12.541330099105837,1.0,False,256.0,5.0,720.0,200.0,4000.0,95.60902091925936,100.76250331170262,174.05,100,1.0,
14.0,12.57705807685852,1.0,False,256.0,5.0,720.0,300.0,3000.0,89.11081075507379,95.167820428478,174.0697462350967,100,1.0,
15.0,12.374059915542604,1.0,False,256.0,5.0,720.0,300.0,4000.0,93.63864456027484,96.0,172.202822901164,100,1.0,
16.0,7.5442280769348145,1.0,False,256.0,10.0,360.0,200.0,3000.0,90.54025332121644,93.52111742667682,165.99074925850533,100,1.0,
17.0,7.689282178878784,1.0,False,256.0,10.0,360.0,200.0,4000.0,95.57902091925936,100.51250331170262,173.575,100,1.0,
18.0,7.489657163619995,1.0,False,256.0,10.0,360.0,300.0,3000.0,89.10081075507378,95.18753049944377,174.5447462350967,100,1.0,
19.0,7.445257186889648,1.0,False,256.0,10.0,360.0,300.0,4000.0,93.67864456027482,96.25,172.702822901164,100,1.0,
20.0,12.58020281791687,1.0,False,256.0,10.0,720.0,200.0,3000.0,90.51260946143697,93.27111742667682,166.01574925850534,100,1.0,
21.0,12.756182193756104,1.0,False,256.0,10.0,720.0,200.0,4000.0,95.60902091925936,100.76250331170262,174.05,100,1.0,
22.0,12.675189971923828,1.0,False,256.0,10.0,720.0,300.0,3000.0,89.11081075507379,95.167820428478,174.0697462350967,100,1.0,
23.0,12.630402088165283,1.0,False,256.0,10.0,720.0,300.0,4000.0,93.63864456027484,96.0,172.202822901164,100,1.0,
24.0,7.714998006820679,1.0,False,256.0,50.0,360.0,200.0,3000.0,90.54025332121644,93.52111742667682,165.99074925850533,100,1.0,
25.0,7.687996864318848,1.0,False,256.0,50.0,360.0,200.0,4000.0,95.57902091925936,100.51250331170262,173.575,100,1.0,
26.0,7.685890197753906,1.0,False,256.0,50.0,360.0,300.0,3000.0,89.10081075507378,95.18753049944377,174.5447462350967,100,1.0,
27.0,7.777137994766235,1.0,False,256.0,50.0,360.0,300.0,4000.0,93.67864456027482,96.25,172.702822901164,100,1.0,
28.0,12.502760887145996,1.0,False,256.0,50.0,720.0,200.0,3000.0,90.51260946143697,93.27111742667682,166.01574925850534,100,1.0,
29.0,12.393550157546995,1.0,False,256.0,50.0,720.0,200.0,4000.0,95.60902091925936,100.76250331170262,174.05,100,1.0,
30.0,12.433511972427368,1.0,False,256.0,50.0,720.0,300.0,3000.0,89.11081075507379,95.167820428478,174.0697462350967,100,1.0,
31.0,12.436094999313354,1.0,False,256.0,50.0,720.0,300.0,4000.0,93.63864456027484,96.0,172.202822901164,100,1.0,
32.0,12.14731788635254,1.0,False,512.0,1.0,360.0,200.0,3000.0,84.1358396135699,80.5028533613553,165.35001874999998,100,1.0,
33.0,12.122036933898926,1.0,False,512.0,1.0,360.0,200.0,4000.0,86.53776834749507,88.43930609098012,167.52821732126105,100,1.0,
34.0,12.205121040344238,1.0,False,512.0,1.0,360.0,300.0,3000.0,85.62570131942157,82.54525891464155,169.55,100,1.0,
35.0,12.09445595741272,1.0,False,512.0,1.0,360.0,300.0,4000.0,81.57770004752665,82.4650800459338,167.23612910395985,100,1.0,
36.0,21.57900595664978,1.0,False,512.0,1.0,720.0,200.0,3000.0,84.14971899673938,80.5028533613553,165.35001874999998,100,1.0,
37.0,21.490078926086422,1.0,False,512.0,1.0,720.0,200.0,4000.0,86.53776834749507,88.43930609098012,167.50321732126105,100,1.0,
38.0,21.42211413383484,1.0,False,512.0,1.0,720.0,300.0,3000.0,85.59570131942156,82.79525891464155,169.55,100,1.0,
39.0,21.504825115203857,1.0,False,512.0,1.0,720.0,300.0,4000.0,81.58770004752664,82.7150800459338,167.5888708960402,100,1.0,
40.0,12.11891508102417,1.0,False,512.0,5.0,360.0,200.0,3000.0,84.1358396135699,80.5028533613553,165.35001874999998,100,1.0,
41.0,12.217968940734863,1.0,False,512.0,5.0,360.0,200.0,4000.0,86.53776834749507,88.43930609098012,167.52821732126105,100,1.0,
42.0,12.20073103904724,1.0,False,512.0,5.0,360.0,300.0,3000.0,85.62570131942157,82.54525891464155,169.55,100,1.0,
43.0,12.247756958007812,1.0,False,512.0,5.0,360.0,300.0,4000.0,81.57770004752665,82.4650800459338,167.23612910395985,100,1.0,
44.0,21.736905097961422,1.0,False,512.0,5.0,720.0,200.0,3000.0,84.14971899673938,80.5028533613553,165.35001874999998,100,1.0,
45.0,21.533079862594604,1.0,False,512.0,5.0,720.0,200.0,4000.0,86.53776834749507,88.43930609098012,167.50321732126105,100,1.0,
46.0,21.652092218399048,1.0,False,512.0,5.0,720.0,300.0,3000.0,85.59570131942156,82.79525891464155,169.55,100,1.0,
47.0,21.522449016571045,1.0,False,512.0,5.0,720.0,300.0,4000.0,81.58770004752664,82.7150800459338,167.5888708960402,100,1.0,
48.0,12.320977926254272,1.0,False,512.0,10.0,360.0,200.0,3000.0,84.1358396135699,80.5028533613553,165.35001874999998,100,1.0,
49.0,12.145012855529783,1.0,False,512.0,10.0,360.0,200.0,4000.0,86.53776834749507,88.43930609098012,167.52821732126105,100,1.0,
50.0,12.343366146087646,1.0,False,512.0,10.0,360.0,300.0,3000.0,85.62570131942157,82.54525891464155,169.55,100,1.0,
51.0,12.118355989456177,1.0,False,512.0,10.0,360.0,300.0,4000.0,81.57770004752665,82.4650800459338,167.23612910395985,100,1.0,
52.0,21.462355852127075,1.0,False,512.0,10.0,720.0,200.0,3000.0,84.14971899673938,80.5028533613553,165.35001874999998,100,1.0,
53.0,21.494130849838257,1.0,False,512.0,10.0,720.0,200.0,4000.0,86.53776834749507,88.43930609098012,167.50321732126105,100,1.0,
54.0,21.460230827331543,1.0,False,512.0,10.0,720.0,300.0,3000.0,85.59570131942156,82.79525891464155,169.55,100,1.0,
55.0,21.84405398368835,1.0,False,512.0,10.0,720.0,300.0,4000.0,81.58770004752664,82.7150800459338,167.5888708960402,100,1.0,
56.0,12.52989411354065,1.0,False,512.0,50.0,360.0,200.0,3000.0,84.1358396135699,80.5028533613553,165.35001874999998,100,1.0,
57.0,12.44735598564148,1.0,False,512.0,50.0,360.0,200.0,4000.0,86.53776834749507,88.43930609098012,167.52821732126105,100,1.0,
58.0,12.51436686515808,1.0,False,512.0,50.0,360.0,300.0,3000.0,85.62570131942157,82.54525891464155,169.55,100,1.0,
59.0,12.417494773864746,1.0,False,512.0,50.0,360.0,300.0,4000.0,81.57770004752665,82.4650800459338,167.23612910395985,100,1.0,
60.0,22.07679796218872,1.0,False,512.0,50.0,720.0,200.0,3000.0,84.14971899673938,80.5028533613553,165.35001874999998,100,1.0,
61.0,21.946589946746823,1.0,False,512.0,50.0,720.0,200.0,4000.0,86.53776834749507,88.43930609098012,167.50321732126105,100,1.0,
62.0,21.93036913871765,1.0,False,512.0,50.0,720.0,300.0,3000.0,85.59570131942156,82.79525891464155,169.55,100,1.0,
63.0,22.029789924621586,1.0,False,512.0,50.0,720.0,300.0,4000.0,81.58770004752664,82.7150800459338,167.5888708960402,100,1.0,
64.0,22.025168895721436,1.0,False,1024.0,1.0,360.0,200.0,3000.0,84.64454097868317,90.43706462517036,161.68599193781898,100,1.0,
65.0,22.123793125152588,1.0,False,1024.0,1.0,360.0,200.0,4000.0,80.1732041867035,86.43706462517036,164.55,100,1.0,
66.0,21.340373277664185,1.0,False,1024.0,1.0,360.0,300.0,3000.0,84.20343802185944,89.6273120430811,164.36752709224265,100,1.0,
67.0,21.54280996322632,1.0,False,1024.0,1.0,360.0,300.0,4000.0,83.75342021949972,90.44811671642378,167.65452589146415,100,1.0,
68.0,40.55416488647461,1.0,False,1024.0,1.0,720.0,200.0,3000.0,84.72454097868317,90.29231791464407,162.160991937819,100,1.0,
69.0,40.55686807632446,1.0,False,1024.0,1.0,720.0,200.0,4000.0,80.13167240625664,86.68706462517036,164.525,100,1.0,
70.0,40.031075954437256,1.0,False,1024.0,1.0,720.0,300.0,3000.0,84.20343802185944,89.3773120430811,164.20280154207634,100,1.0,
71.0,40.02457284927368,1.0,False,1024.0,1.0,720.0,300.0,4000.0,83.78577635972022,90.19811671642378,167.1795258914641,100,1.0,
72.0,20.90692973136902,1.0,False,1024.0,5.0,360.0,200.0,3000.0,84.64454097868317,90.43706462517036,161.68599193781898,100,1.0,
73.0,21.1375732421875,1.0,False,1024.0,5.0,360.0,200.0,4000.0,80.1732041867035,86.43706462517036,164.55,100,1.0,
74.0,21.099338054656982,1.0,False,1024.0,5.0,360.0,300.0,3000.0,84.20343802185944,89.6273120430811,164.36752709224265,100,1.0,
75.0,20.84998083114624,1.0,False,1024.0,5.0,360.0,300.0,4000.0,83.75342021949972,90.44811671642378,167.65452589146415,100,1.0,
76.0,39.40649700164795,1.0,False,1024.0,5.0,720.0,200.0,3000.0,84.72454097868317,90.29231791464407,162.160991937819,100,1.0,
77.0,39.2312650680542,1.0,False,1024.0,5.0,720.0,200.0,4000.0,80.13167240625664,86.68706462517036,164.525,100,1.0,
78.0,39.59465026855469,1.0,False,1024.0,5.0,720.0,300.0,3000.0,84.20343802185944,89.3773120430811,164.20280154207634,100,1.0,
79.0,39.29346418380737,1.0,False,1024.0,5.0,720.0,300.0,4000.0,83.78577635972022,90.19811671642378,167.1795258914641,100,1.0,
80.0,21.1640727519989,1.0,False,1024.0,10.0,360.0,200.0,3000.0,84.64454097868317,90.43706462517036,161.68599193781898,100,1.0,
81.0,20.847260236740112,1.0,False,1024.0,10.0,360.0,200.0,4000.0,80.1732041867035,86.43706462517036,164.55,100,1.0,
82.0,20.940690994262695,1.0,False,1024.0,10.0,360.0,300.0,3000.0,84.20343802185944,89.6273120430811,164.36752709224265,100,1.0,
83.0,21.177260637283325,1.0,False,1024.0,10.0,360.0,300.0,4000.0,83.75342021949972,90.44811671642378,167.65452589146415,100,1.0,
84.0,39.203282833099365,1.0,False,1024.0,10.0,720.0,200.0,3000.0,84.72454097868317,90.29231791464407,162.160991937819,100,1.0,
85.0,39.66747999191284,1.0,False,1024.0,10.0,720.0,200.0,4000.0,80.13167240625664,86.68706462517036,164.525,100,1.0,
86.0,40.24024081230163,1.0,False,1024.0,10.0,720.0,300.0,3000.0,84.20343802185944,89.3773120430811,164.20280154207634,100,1.0,
87.0,41.6271710395813,1.0,False,1024.0,10.0,720.0,300.0,4000.0,83.78577635972022,90.19811671642378,167.1795258914641,100,1.0,
88.0,22.233059883117676,1.0,False,1024.0,50.0,360.0,200.0,3000.0,84.64454097868317,90.43706462517036,161.68599193781898,100,1.0,
89.0,22.145133018493652,1.0,False,1024.0,50.0,360.0,200.0,4000.0,80.1732041867035,86.43706462517036,164.55,100,1.0,
90.0,22.16201686859131,1.0,False,1024.0,50.0,360.0,300.0,3000.0,84.20343802185944,89.6273120430811,164.36752709224265,100,1.0,
91.0,22.273262977600098,1.0,False,1024.0,50.0,360.0,300.0,4000.0,83.75342021949972,90.44811671642378,167.65452589146415,100,1.0,
92.0,41.53698110580444,1.0,False,1024.0,50.0,720.0,200.0,3000.0,84.72454097868317,90.29231791464407,162.160991937819,100,1.0,
93.0,41.849101066589355,1.0,False,1024.0,50.0,720.0,200.0,4000.0,80.13167240625664,86.68706462517036,164.525,100,1.0,
94.0,41.50883221626282,1.0,False,1024.0,50.0,720.0,300.0,3000.0,84.20343802185944,89.3773120430811,164.20280154207634,100,1.0,
95.0,42.351564168930054,1.0,False,1024.0,50.0,720.0,300.0,4000.0,83.78577635972022,90.19811671642378,167.1795258914641,100,1.0,
96.0,42.44796109199524,1.0,False,2048.0,1.0,360.0,200.0,3000.0,80.38743706674306,79.65286404708098,167.5447462350967,100,1.0,
97.0,42.35472297668457,1.0,False,2048.0,1.0,360.0,200.0,4000.0,81.79857357100887,87.35634230599732,166.5447462350967,100,1.0,
98.0,42.39229893684387,1.0,False,2048.0,1.0,360.0,300.0,3000.0,80.03509985244158,78.68706462517036,171.025,100,1.0,
99.0,40.05873990058899,1.0,False,2048.0,1.0,360.0,300.0,4000.0,87.14997131498802,86.2091233787778,171.64258290835218,100,1.0,
100.0,79.32065200805664,1.0,False,2048.0,1.0,720.0,200.0,3000.0,80.38243706674305,79.90286404708098,167.5447462350967,100,1.0,
101.0,79.47027492523193,1.0,False,2048.0,1.0,720.0,200.0,4000.0,81.72357357100887,87.60634230599732,166.0947462350967,100,1.0,
102.0,79.34752297401428,1.0,False,2048.0,1.0,720.0,300.0,3000.0,80.04009985244157,78.68706462517036,171.025,100,1.0,
103.0,79.15427803993225,1.0,False,2048.0,1.0,720.0,300.0,4000.0,87.18997131498801,86.2091233787778,171.64258290835218,100,1.0,
104.0,40.455652952194214,1.0,False,2048.0,5.0,360.0,200.0,3000.0,80.38743706674306,79.65286404708098,167.5447462350967,100,1.0,
105.0,41.900535106658936,1.0,False,2048.0,5.0,360.0,200.0,4000.0,81.79857357100887,87.35634230599732,166.5447462350967,100,1.0,
106.0,41.85970902442932,1.0,False,2048.0,5.0,360.0,300.0,3000.0,80.03509985244158,78.68706462517036,171.025,100,1.0,
107.0,40.94766426086426,1.0,False,2048.0,5.0,360.0,300.0,4000.0,87.14997131498802,86.2091233787778,171.64258290835218,100,1.0,
108.0,80.72238087654114,1.0,False,2048.0,5.0,720.0,200.0,3000.0,80.38243706674305,79.90286404708098,167.5447462350967,100,1.0,
109.0,81.23319101333618,1.0,False,2048.0,5.0,720.0,200.0,4000.0,81.72357357100887,87.60634230599732,166.0947462350967,100,1.0,
110.0,80.98913788795471,1.0,False,2048.0,5.0,720.0,300.0,3000.0,80.04009985244157,78.68706462517036,171.025,100,1.0,
111.0,81.11868619918823,1.0,False,2048.0,5.0,720.0,300.0,4000.0,87.18997131498801,86.2091233787778,171.64258290835218,100,1.0,
112.0,40.370492935180664,1.0,False,2048.0,10.0,360.0,200.0,3000.0,80.38743706674306,79.65286404708098,167.5447462350967,100,1.0,
113.0,40.52059984207153,1.0,False,2048.0,10.0,360.0,200.0,4000.0,81.79857357100887,87.35634230599732,166.5447462350967,100,1.0,
114.0,40.366628885269165,1.0,False,2048.0,10.0,360.0,300.0,3000.0,80.03509985244158,78.68706462517036,171.025,100,1.0,
115.0,40.48786902427673,1.0,False,2048.0,10.0,360.0,300.0,4000.0,87.14997131498802,86.2091233787778,171.64258290835218,100,1.0,
116.0,82.01634693145752,1.0,False,2048.0,10.0,720.0,200.0,3000.0,80.38243706674305,79.90286404708098,167.5447462350967,100,1.0,
117.0,81.26868081092834,1.0,False,2048.0,10.0,720.0,200.0,4000.0,81.72357357100887,87.60634230599732,166.0947462350967,100,1.0,
118.0,80.1529631614685,1.0,False,2048.0,10.0,720.0,300.0,3000.0,80.04009985244157,78.68706462517036,171.025,100,1.0,
119.0,81.10181093215942,1.0,False,2048.0,10.0,720.0,300.0,4000.0,87.18997131498801,86.2091233787778,171.64258290835218,100,1.0,
120.0,39.66315722465515,1.0,False,2048.0,50.0,360.0,200.0,3000.0,80.38743706674306,79.65286404708098,167.5447462350967,100,1.0,
121.0,39.45787596702576,1.0,False,2048.0,50.0,360.0,200.0,4000.0,81.79857357100887,87.35634230599732,166.5447462350967,100,1.0,
122.0,39.33527302742005,1.0,False,2048.0,50.0,360.0,300.0,3000.0,80.03509985244158,78.68706462517036,171.025,100,1.0,
123.0,39.66629600524902,1.0,False,2048.0,50.0,360.0,300.0,4000.0,87.14997131498802,86.2091233787778,171.64258290835218,100,1.0,
124.0,80.00313591957092,1.0,False,2048.0,50.0,720.0,200.0,3000.0,80.38243706674305,79.90286404708098,167.5447462350967,100,1.0,
125.0,80.16441488265991,1.0,False,2048.0,50.0,720.0,200.0,4000.0,81.72357357100887,87.60634230599732,166.0947462350967,100,1.0,
126.0,80.24587321281433,1.0,False,2048.0,50.0,720.0,300.0,3000.0,80.04009985244157,78.68706462517036,171.025,100,1.0,
127.0,79.84286403656006,1.0,False,2048.0,50.0,720.0,300.0,4000.0,87.18997131498801,86.2091233787778,171.64258290835218,100,1.0,
128.0,79.81569290161133,1.0,False,4096.0,1.0,360.0,200.0,3000.0,62.7140106116227,54.88518134159416,165.075,100,1.0,
129.0,80.03070402145386,1.0,False,4096.0,1.0,360.0,200.0,4000.0,65.9279655605807,61.19811671642378,166.64999999999998,100,1.0,
130.0,80.31994009017944,1.0,False,4096.0,1.0,360.0,300.0,3000.0,64.73353704363534,54.19811671642377,169.525,100,1.0,
131.0,80.24427103996277,1.0,False,4096.0,1.0,360.0,300.0,4000.0,66.24320529129348,59.252234032825896,171.6554117316402,100,1.0,
132.0,162.1238830089569,1.0,False,4096.0,1.0,720.0,200.0,3000.0,62.6640106116227,54.63518134159416,165.05,100,1.0,
133.0,162.22262978553772,1.0,False,4096.0,1.0,720.0,200.0,4000.0,65.97167863207628,61.44811671642378,166.14999999999998,100,1.0,
134.0,161.93560004234314,1.0,False,4096.0,1.0,720.0,300.0,3000.0,64.80853704363534,53.94811671642377,169.5,100,1.0,
135.0,161.76907587051392,1.0,False,4096.0,1.0,720.0,300.0,4000.0,66.18691836278907,59.252234032825896,172.14999999999998,100,1.0,
136.0,81.4686861038208,1.0,False,4096.0,5.0,360.0,200.0,3000.0,62.7140106116227,54.88518134159416,165.075,100,1.0,
137.0,81.73775482177734,1.0,False,4096.0,5.0,360.0,200.0,4000.0,65.9279655605807,61.19811671642378,166.64999999999998,100,1.0,
138.0,81.584801197052,1.0,False,4096.0,5.0,360.0,300.0,3000.0,64.73353704363534,54.19811671642377,169.525,100,1.0,
139.0,81.5917739868164,1.0,False,4096.0,5.0,360.0,300.0,4000.0,66.24320529129348,59.252234032825896,171.6554117316402,100,1.0,
140.0,164.9544382095337,1.0,False,4096.0,5.0,720.0,200.0,3000.0,62.6640106116227,54.63518134159416,165.05,100,1.0,
141.0,164.0795819759369,1.0,False,4096.0,5.0,720.0,200.0,4000.0,65.97167863207628,61.44811671642378,166.14999999999998,100,1.0,
142.0,164.56447219848633,1.0,False,4096.0,5.0,720.0,300.0,3000.0,64.80853704363534,53.94811671642377,169.5,100,1.0,
143.0,164.0670850276947,1.0,False,4096.0,5.0,720.0,300.0,4000.0,66.18691836278907,59.252234032825896,172.14999999999998,100,1.0,
144.0,82.83271288871765,1.0,False,4096.0,10.0,360.0,200.0,3000.0,62.7140106116227,54.88518134159416,165.075,100,1.0,
145.0,82.49157619476318,1.0,False,4096.0,10.0,360.0,200.0,4000.0,65.9279655605807,61.19811671642378,166.64999999999998,100,1.0,
146.0,81.73244380950928,1.0,False,4096.0,10.0,360.0,300.0,3000.0,64.73353704363534,54.19811671642377,169.525,100,1.0,
147.0,81.89628005027771,1.0,False,4096.0,10.0,360.0,300.0,4000.0,66.24320529129348,59.252234032825896,171.6554117316402,100,1.0,
148.0,162.39853596687317,1.0,False,4096.0,10.0,720.0,200.0,3000.0,62.6640106116227,54.63518134159416,165.05,100,1.0,
149.0,164.28972697257996,1.0,False,4096.0,10.0,720.0,200.0,4000.0,65.97167863207628,61.44811671642378,166.14999999999998,100,1.0,
150.0,164.89628505706787,1.0,False,4096.0,10.0,720.0,300.0,3000.0,64.80853704363534,53.94811671642377,169.5,100,1.0,
151.0,164.21864295005798,1.0,False,4096.0,10.0,720.0,300.0,4000.0,66.18691836278907,59.252234032825896,172.14999999999998,100,1.0,
152.0,82.83231687545776,1.0,False,4096.0,50.0,360.0,200.0,3000.0,62.7140106116227,54.88518134159416,165.075,100,1.0,
153.0,82.96178197860718,1.0,False,4096.0,50.0,360.0,200.0,4000.0,65.9279655605807,61.19811671642378,166.64999999999998,100,1.0,
154.0,83.10386204719543,1.0,False,4096.0,50.0,360.0,300.0,3000.0,64.73353704363534,54.19811671642377,169.525,100,1.0,
155.0,81.87835121154785,1.0,False,4096.0,50.0,360.0,300.0,4000.0,66.24320529129348,59.252234032825896,171.6554117316402,100,1.0,
156.0,162.17277598381042,1.0,False,4096.0,50.0,720.0,200.0,3000.0,62.6640106116227,54.63518134159416,165.05,100,1.0,
157.0,162.31078791618347,1.0,False,4096.0,50.0,720.0,200.0,4000.0,65.97167863207628,61.44811671642378,166.14999999999998,100,1.0,
158.0,161.96646571159363,1.0,False,4096.0,50.0,720.0,300.0,3000.0,64.80853704363534,53.94811671642377,169.5,100,1.0,
159.0,162.03698825836182,1.0,False,4096.0,50.0,720.0,300.0,4000.0,66.18691836278907,59.252234032825896,172.14999999999998,100,1.0,
160.0,162.6125009059906,1.0,False,8192.0,1.0,360.0,200.0,3000.0,29.7659288286287,6.499999999999972,114.84870495728842,100,1.0,
161.0,162.3867268562317,1.0,False,8192.0,1.0,360.0,200.0,4000.0,28.65944487863901,6.499999999999972,98.43855275645988,100,1.0,
162.0,161.89107298851013,1.0,False,8192.0,1.0,360.0,300.0,3000.0,33.930778928019286,6.499999999999972,150.72657229400883,100,1.0,
163.0,162.177561044693,1.0,False,8192.0,1.0,360.0,300.0,4000.0,28.14147760781653,6.001541815047773,100.18855275645988,100,1.0,
164.0,318.06275820732117,1.0,False,8192.0,1.0,720.0,200.0,3000.0,29.68480821179816,6.499999999999986,115.17629504271156,100,1.0,
165.0,318.3850748538971,1.0,False,8192.0,1.0,720.0,200.0,4000.0,28.71298203452209,6.499999999999972,98.91355275645988,100,1.0,
166.0,317.9511308670044,1.0,False,8192.0,1.0,720.0,300.0,3000.0,33.855778928019284,6.499999999999972,150.22657229400883,100,1.0,
167.0,318.2924327850342,1.0,False,8192.0,1.0,720.0,300.0,4000.0,28.139386696546396,5.940930810324133,100.18855275645988,100,1.0,
168.0,159.28644394874573,1.0,False,8192.0,5.0,360.0,200.0,3000.0,29.7659288286287,6.499999999999972,114.84870495728842,100,1.0,
169.0,160.35504603385925,1.0,False,8192.0,5.0,360.0,200.0,4000.0,28.65944487863901,6.499999999999972,98.43855275645988,100,1.0,
170.0,159.9456262588501,1.0,False,8192.0,5.0,360.0,300.0,3000.0,33.930778928019286,6.499999999999972,150.72657229400883,100,1.0,
171.0,160.24559998512268,1.0,False,8192.0,5.0,360.0,300.0,4000.0,28.14147760781653,6.001541815047773,100.18855275645988,100,1.0,
172.0,322.89826822280884,1.0,False,8192.0,5.0,720.0,200.0,3000.0,29.68480821179816,6.499999999999986,115.17629504271156,100,1.0,
173.0,322.6130349636078,1.0,False,8192.0,5.0,720.0,200.0,4000.0,28.71298203452209,6.499999999999972,98.91355275645988,100,1.0,
174.0,322.02162981033325,1.0,False,8192.0,5.0,720.0,300.0,3000.0,33.855778928019284,6.499999999999972,150.22657229400883,100,1.0,
175.0,318.10497879981995,1.0,False,8192.0,5.0,720.0,300.0,4000.0,28.139386696546396,5.940930810324133,100.18855275645988,100,1.0,
176.0,157.94432091712952,1.0,False,8192.0,10.0,360.0,200.0,3000.0,29.7659288286287,6.499999999999972,114.84870495728842,100,1.0,
177.0,157.53661608695984,1.0,False,8192.0,10.0,360.0,200.0,4000.0,28.65944487863901,6.499999999999972,98.43855275645988,100,1.0,
178.0,157.65816283226013,1.0,False,8192.0,10.0,360.0,300.0,3000.0,33.930778928019286,6.499999999999972,150.72657229400883,100,1.0,
179.0,157.1430389881134,1.0,False,8192.0,10.0,360.0,300.0,4000.0,28.14147760781653,6.001541815047773,100.18855275645988,100,1.0,
180.0,316.49751687049866,1.0,False,8192.0,10.0,720.0,200.0,3000.0,29.68480821179816,6.499999999999986,115.17629504271156,100,1.0,
181.0,317.61195707321167,1.0,False,8192.0,10.0,720.0,200.0,4000.0,28.71298203452209,6.499999999999972,98.91355275645988,100,1.0,
182.0,316.662456035614,1.0,False,8192.0,10.0,720.0,300.0,3000.0,33.855778928019284,6.499999999999972,150.22657229400883,100,1.0,
183.0,317.4058277606964,1.0,False,8192.0,10.0,720.0,300.0,4000.0,28.139386696546396,5.940930810324133,100.18855275645988,100,1.0,
184.0,159.35125207901,1.0,False,8192.0,50.0,360.0,200.0,3000.0,29.7659288286287,6.499999999999972,114.84870495728842,100,1.0,
185.0,157.8545241355896,1.0,False,8192.0,50.0,360.0,200.0,4000.0,28.65944487863901,6.499999999999972,98.43855275645988,100,1.0,
186.0,158.17899012565613,1.0,False,8192.0,50.0,360.0,300.0,3000.0,33.930778928019286,6.499999999999972,150.72657229400883,100,1.0,
187.0,156.81491613388062,1.0,False,8192.0,50.0,360.0,300.0,4000.0,28.14147760781653,6.001541815047773,100.18855275645988,100,1.0,
188.0,318.1685600280762,1.0,False,8192.0,50.0,720.0,200.0,3000.0,29.68480821179816,6.499999999999986,115.17629504271156,100,1.0,
189.0,316.82992792129517,1.0,False,8192.0,50.0,720.0,200.0,4000.0,28.71298203452209,6.499999999999972,98.91355275645988,100,1.0,
190.0,317.250226020813,1.0,False,8192.0,50.0,720.0,300.0,3000.0,33.855778928019284,6.499999999999972,150.22657229400883,100,1.0,
191.0,317.9268379211426,1.0,False,8192.0,50.0,720.0,300.0,4000.0,28.139386696546396,5.940930810324133,100.18855275645988,100,1.0,
192.0,297.69340991973877,1.0,False,16384.0,1.0,360.0,200.0,3000.0,26.42366546306444,6.999999999999972,103.83456856428444,100,1.0,
193.0,8625.691640138626,1.0,False,16384.0,1.0,360.0,200.0,4000.0,23.48156251189447,6.477941246392575,98.62754788187615,100,1.0,
194.0,294.86535000801086,1.0,False,16384.0,1.0,360.0,300.0,3000.0,33.21110000363332,6.945882683597873,129.3804227878237,100,1.0,
195.0,727.6942780017853,1.0,False,16384.0,1.0,360.0,300.0,4000.0,24.878700458988416,4.804117316402099,110.8385527564599,100,1.0,
196.0,558.5466377735138,1.0,False,16384.0,5.0,360.0,200.0,3000.0,26.42366546306444,6.999999999999972,103.83456856428444,100,1.0,
197.0,299.4762499332428,1.0,False,16384.0,5.0,360.0,200.0,4000.0,23.48156251189447,6.477941246392575,98.62754788187615,100,1.0,
198.0,296.5457317829132,1.0,False,16384.0,5.0,360.0,300.0,3000.0,33.21110000363332,6.945882683597873,129.3804227878237,100,1.0,
199.0,296.8551597595215,1.0,False,16384.0,5.0,360.0,300.0,4000.0,24.878700458988416,4.804117316402099,110.8385527564599,100,1.0,
200.0,297.8064761161804,1.0,False,16384.0,10.0,360.0,200.0,3000.0,26.42366546306444,6.999999999999972,103.83456856428444,100,1.0,
201.0,302.0100212097168,1.0,False,16384.0,10.0,360.0,200.0,4000.0,23.48156251189447,6.477941246392575,98.62754788187615,100,1.0,
202.0,298.74686908721924,1.0,False,16384.0,10.0,360.0,300.0,3000.0,33.21110000363332,6.945882683597873,129.3804227878237,100,1.0,
203.0,298.6407980918884,1.0,False,16384.0,10.0,360.0,300.0,4000.0,24.878700458988416,4.804117316402099,110.8385527564599,100,1.0,
204.0,299.752338886261,1.0,False,16384.0,50.0,360.0,200.0,3000.0,26.42366546306444,6.999999999999972,103.83456856428444,100,1.0,
205.0,298.48058795928955,1.0,False,16384.0,50.0,360.0,200.0,4000.0,23.48156251189447,6.477941246392575,98.62754788187615,100,1.0,
206.0,298.8974380493164,1.0,False,16384.0,50.0,360.0,300.0,3000.0,33.21110000363332,6.945882683597873,129.3804227878237,100,1.0,
207.0,298.40309500694275,1.0,False,16384.0,50.0,360.0,300.0,4000.0,24.878700458988416,4.804117316402099,110.8385527564599,100,1.0,
191.0,1.254431962966919,2.0,True,8192.0,50.0,720.0,300.0,4000.0,inf,inf,inf,0,0.0,28.139386696546396
167.0,1.2568719387054443,2.0,True,8192.0,1.0,720.0,300.0,4000.0,inf,inf,inf,0,0.0,28.139386696546396
175.0,1.241023063659668,2.0,True,8192.0,5.0,720.0,300.0,4000.0,inf,inf,inf,0,0.0,28.139386696546396
183.0,1.232368230819702,2.0,True,8192.0,10.0,720.0,300.0,4000.0,inf,inf,inf,0,0.0,28.139386696546396
187.0,1.2361037731170654,2.0,True,8192.0,50.0,360.0,300.0,4000.0,inf,inf,inf,0,0.0,28.14147760781653
179.0,1.2364201545715332,2.0,True,8192.0,10.0,360.0,300.0,4000.0,inf,inf,inf,0,0.0,28.14147760781653
171.0,1.2327580451965332,2.0,True,8192.0,5.0,360.0,300.0,4000.0,inf,inf,inf,0,0.0,28.14147760781653
163.0,1.2356359958648682,2.0,True,8192.0,1.0,360.0,300.0,4000.0,inf,inf,inf,0,0.0,28.14147760781653
177.0,1.27750825881958,2.0,True,8192.0,10.0,360.0,200.0,4000.0,inf,inf,inf,0,0.0,28.65944487863901
169.0,1.3168187141418457,2.0,True,8192.0,5.0,360.0,200.0,4000.0,inf,inf,inf,0,0.0,28.65944487863901
0,619.3397800922394,1,False,32768,1,360,200,3000,23.724514797755578,6.469703712054198,95.18099578025745,100,1.0
1,632.678956747055,1,False,32768,1,360,200,4000,23.351192089974514,5.499999999999972,98.81301897066007,100,1.0
2,609.6948349475861,1,False,32768,1,360,300,3000,26.706247426469513,6.50069008314351,95.76301897066007,100,1.0
3,654.4112420082092,1,False,32768,1,360,300,4000,21.512330718866522,4.499999999999972,96.18965519663725,100,1.0
4,620.3495597839355,1,False,32768,5,360,200,3000,23.724514797755578,6.469703712054198,95.18099578025745,100,1.0
5,618.3615610599518,1,False,32768,5,360,200,4000,23.351192089974514,5.499999999999972,98.81301897066007,100,1.0
6,684.1076052188873,1,False,32768,5,360,300,3000,26.706247426469513,6.50069008314351,95.76301897066007,100,1.0
7,41672.13140797615,1,False,32768,5,360,300,4000,21.512330718866522,4.499999999999972,96.18965519663725,100,1.0
8,36002.960648059845,1,False,32768,10,360,200,3000,23.724514797755578,6.469703712054198,95.18099578025745,100,1.0
9,35919.192220926285,1,False,32768,10,360,200,4000,23.351192089974514,5.499999999999972,98.81301897066007,100,1.0
10,31943.094547986984,1,False,32768,10,360,300,3000,26.706247426469513,6.50069008314351,95.76301897066007,100,1.0
11,608.0874726772308,1,False,32768,10,360,300,4000,21.512330718866522,4.499999999999972,96.18965519663725,100,1.0
12,608.3140606880188,1,False,32768,50,360,200,3000,23.724514797755578,6.469703712054198,95.18099578025745,100,1.0
13,608.7272591590881,1,False,32768,50,360,200,4000,23.351192089974514,5.499999999999972,98.81301897066007,100,1.0
14,623.9728760719299,1,False,32768,50,360,300,3000,26.706247426469513,6.50069008314351,95.76301897066007,100,1.0
15,602.7579898834229,1,False,32768,50,360,300,4000,21.512330718866522,4.499999999999972,96.18965519663725,100,1.0
