batch_idx,sample_idx,pred_angle,gt_angle,abs_error,global_idx
0,0,44.0,41.0,3.0,0
0,1,46.0,41.0,5.0,1
0,2,43.0,41.0,2.0,2
0,3,44.0,41.0,3.0,3
1,0,47.0,41.0,6.0,4
1,1,46.0,41.0,5.0,5
1,2,44.0,41.0,3.0,6
1,3,44.0,41.0,3.0,7
2,0,44.0,41.0,3.0,8
2,1,46.0,41.0,5.0,9
2,2,45.0,41.0,4.0,10
2,3,45.0,41.0,4.0,11
3,0,46.0,41.0,5.0,12
3,1,44.0,41.0,3.0,13
3,2,44.0,41.0,3.0,14
3,3,46.0,41.0,5.0,15
4,0,44.0,41.0,3.0,16
4,1,44.0,41.0,3.0,17
4,2,44.0,41.0,3.0,18
4,3,44.0,41.0,3.0,19
5,0,46.0,41.0,5.0,20
5,1,44.0,41.0,3.0,21
5,2,44.0,41.0,3.0,22
5,3,41.0,41.0,0.0,23
6,0,44.0,41.0,3.0,24
6,1,45.0,41.0,4.0,25
6,2,44.0,41.0,3.0,26
6,3,44.0,41.0,3.0,27
7,0,44.0,41.0,3.0,28
7,1,46.0,41.0,5.0,29
7,2,46.0,41.0,5.0,30
7,3,44.0,41.0,3.0,31
8,0,44.0,41.0,3.0,32
8,1,44.0,41.0,3.0,33
8,2,44.0,41.0,3.0,34
8,3,46.0,41.0,5.0,35
9,0,45.0,41.0,4.0,36
9,1,44.0,41.0,3.0,37
9,2,44.0,41.0,3.0,38
9,3,44.0,41.0,3.0,39
10,0,46.0,41.0,5.0,40
10,1,45.0,41.0,4.0,41
10,2,46.0,41.0,5.0,42
10,3,44.0,41.0,3.0,43
11,0,46.0,41.0,5.0,44
11,1,44.0,41.0,3.0,45
11,2,45.0,41.0,4.0,46
11,3,44.0,41.0,3.0,47
12,0,44.0,41.0,3.0,48
12,1,46.0,41.0,5.0,49
12,2,46.0,41.0,5.0,50
12,3,46.0,41.0,5.0,51
13,0,46.0,41.0,5.0,52
13,1,46.0,41.0,5.0,53
13,2,44.0,41.0,3.0,54
13,3,45.0,41.0,4.0,55
14,0,46.0,41.0,5.0,56
14,1,46.0,41.0,5.0,57
14,2,45.0,41.0,4.0,58
14,3,46.0,41.0,5.0,59
15,0,44.0,41.0,3.0,60
15,1,47.0,41.0,6.0,61
15,2,44.0,41.0,3.0,62
15,3,44.0,41.0,3.0,63
16,0,46.0,41.0,5.0,64
16,1,44.0,41.0,3.0,65
16,2,45.0,41.0,4.0,66
16,3,44.0,41.0,3.0,67
17,0,44.0,41.0,3.0,68
17,1,46.0,41.0,5.0,69
17,2,46.0,41.0,5.0,70
17,3,86.0,180.0,94.0,71
18,0,183.0,180.0,3.0,72
18,1,182.0,180.0,2.0,73
18,2,181.0,180.0,1.0,74
18,3,181.0,180.0,1.0,75
19,0,0.0,180.0,180.0,76
19,1,179.0,180.0,1.0,77
19,2,179.0,180.0,1.0,78
19,3,184.0,180.0,4.0,79
20,0,181.0,180.0,1.0,80
20,1,0.0,180.0,180.0,81
20,2,179.0,180.0,1.0,82
20,3,61.0,180.0,119.0,83
21,0,56.0,180.0,124.0,84
21,1,181.0,180.0,1.0,85
21,2,49.0,180.0,131.0,86
21,3,191.0,180.0,11.0,87
22,0,3.0,180.0,177.0,88
22,1,45.0,180.0,135.0,89
22,2,86.0,180.0,94.0,90
22,3,183.0,180.0,3.0,91
23,0,176.0,180.0,4.0,92
23,1,0.0,180.0,180.0,93
23,2,177.0,180.0,3.0,94
23,3,183.0,180.0,3.0,95
24,0,9.0,180.0,171.0,96
24,1,81.0,180.0,99.0,97
24,2,31.0,180.0,149.0,98
24,3,84.0,180.0,96.0,99
25,0,179.0,180.0,1.0,100
25,1,12.0,180.0,168.0,101
25,2,141.0,180.0,39.0,102
25,3,23.0,180.0,157.0,103
26,0,184.0,180.0,4.0,104
26,1,183.0,180.0,3.0,105
26,2,183.0,180.0,3.0,106
26,3,183.0,180.0,3.0,107
27,0,49.0,180.0,131.0,108
27,1,181.0,180.0,1.0,109
27,2,181.0,180.0,1.0,110
27,3,64.0,180.0,116.0,111
28,0,197.0,180.0,17.0,112
28,1,181.0,180.0,1.0,113
28,2,176.0,180.0,4.0,114
28,3,182.0,180.0,2.0,115
29,0,20.0,180.0,160.0,116
29,1,179.0,180.0,1.0,117
29,2,183.0,180.0,3.0,118
29,3,188.0,180.0,8.0,119
30,0,181.0,180.0,1.0,120
30,1,181.0,180.0,1.0,121
30,2,181.0,180.0,1.0,122
30,3,185.0,180.0,5.0,123
31,0,106.0,180.0,74.0,124
31,1,183.0,180.0,3.0,125
31,2,183.0,180.0,3.0,126
31,3,183.0,180.0,3.0,127
32,0,179.0,180.0,1.0,128
32,1,182.0,180.0,2.0,129
32,2,151.0,180.0,29.0,130
32,3,182.0,180.0,2.0,131
33,0,177.0,180.0,3.0,132
33,1,181.0,180.0,1.0,133
33,2,182.0,180.0,2.0,134
33,3,67.0,180.0,113.0,135
34,0,194.0,195.0,1.0,136
34,1,50.0,195.0,145.0,137
34,2,97.0,195.0,98.0,138
34,3,69.0,195.0,126.0,139
35,0,44.0,195.0,151.0,140
35,1,45.0,195.0,150.0,141
35,2,103.0,195.0,92.0,142
35,3,89.0,195.0,106.0,143
36,0,80.0,195.0,115.0,144
36,1,23.0,195.0,172.0,145
36,2,39.0,195.0,156.0,146
36,3,196.0,195.0,1.0,147
37,0,44.0,195.0,151.0,148
37,1,199.0,195.0,4.0,149
37,2,194.0,195.0,1.0,150
37,3,17.0,195.0,178.0,151
38,0,102.0,195.0,93.0,152
38,1,42.0,195.0,153.0,153
38,2,191.0,195.0,4.0,154
38,3,199.0,195.0,4.0,155
39,0,194.0,195.0,1.0,156
39,1,197.0,195.0,2.0,157
39,2,45.0,195.0,150.0,158
39,3,49.0,195.0,146.0,159
40,0,194.0,195.0,1.0,160
40,1,49.0,195.0,146.0,161
40,2,78.0,195.0,117.0,162
40,3,49.0,195.0,146.0,163
41,0,137.0,195.0,58.0,164
41,1,197.0,195.0,2.0,165
41,2,26.0,195.0,169.0,166
41,3,44.0,195.0,151.0,167
42,0,196.0,195.0,1.0,168
42,1,74.0,195.0,121.0,169
42,2,197.0,195.0,2.0,170
42,3,196.0,195.0,1.0,171
43,0,196.0,195.0,1.0,172
43,1,81.0,195.0,114.0,173
43,2,39.0,195.0,156.0,174
43,3,196.0,195.0,1.0,175
44,0,179.0,195.0,16.0,176
44,1,155.0,195.0,40.0,177
44,2,75.0,195.0,120.0,178
44,3,194.0,195.0,1.0,179
45,0,9.0,195.0,174.0,180
45,1,196.0,195.0,1.0,181
45,2,194.0,195.0,1.0,182
45,3,197.0,195.0,2.0,183
46,0,3.0,195.0,168.0,184
46,1,42.0,195.0,153.0,185
46,2,106.0,195.0,89.0,186
46,3,197.0,195.0,2.0,187
47,0,56.0,195.0,139.0,188
47,1,197.0,195.0,2.0,189
47,2,108.0,195.0,87.0,190
47,3,183.0,195.0,12.0,191
48,0,196.0,195.0,1.0,192
48,1,90.0,195.0,105.0,193
48,2,196.0,195.0,1.0,194
48,3,94.0,195.0,101.0,195
49,0,31.0,195.0,164.0,196
49,1,197.0,195.0,2.0,197
49,2,12.0,195.0,177.0,198
49,3,196.0,195.0,1.0,199
50,0,103.0,195.0,92.0,200
50,1,27.0,195.0,168.0,201
50,2,131.0,195.0,64.0,202
50,3,131.0,195.0,64.0,203
51,0,76.0,195.0,119.0,204
51,1,197.0,195.0,2.0,205
51,2,42.0,195.0,153.0,206
51,3,196.0,195.0,1.0,207
52,0,28.0,195.0,167.0,208
52,1,1.0,195.0,166.0,209
52,2,74.0,195.0,121.0,210
52,3,32.0,195.0,163.0,211
53,0,39.0,195.0,156.0,212
53,1,24.0,195.0,171.0,213
53,2,197.0,195.0,2.0,214
53,3,197.0,195.0,2.0,215
54,0,196.0,195.0,1.0,216
54,1,194.0,195.0,1.0,217
54,2,198.0,195.0,3.0,218
54,3,56.0,195.0,139.0,219
55,0,197.0,195.0,2.0,220
55,1,179.0,180.0,1.0,221
55,2,189.0,180.0,9.0,222
55,3,183.0,180.0,3.0,223
56,0,182.0,180.0,2.0,224
56,1,42.0,180.0,138.0,225
56,2,23.0,180.0,157.0,226
56,3,181.0,180.0,1.0,227
57,0,58.0,180.0,122.0,228
57,1,179.0,180.0,1.0,229
57,2,103.0,180.0,77.0,230
57,3,181.0,180.0,1.0,231
58,0,181.0,180.0,1.0,232
58,1,182.0,180.0,2.0,233
58,2,181.0,180.0,1.0,234
58,3,39.0,180.0,141.0,235
59,0,181.0,180.0,1.0,236
59,1,141.0,180.0,39.0,237
59,2,124.0,180.0,56.0,238
59,3,36.0,180.0,144.0,239
60,0,34.0,180.0,146.0,240
60,1,183.0,180.0,3.0,241
60,2,98.0,180.0,82.0,242
60,3,176.0,180.0,4.0,243
61,0,45.0,180.0,135.0,244
61,1,17.0,180.0,163.0,245
61,2,20.0,180.0,160.0,246
61,3,67.0,180.0,113.0,247
62,0,131.0,180.0,49.0,248
62,1,65.0,180.0,115.0,249
62,2,348.0,180.0,168.0,250
62,3,177.0,180.0,3.0,251
63,0,181.0,180.0,1.0,252
63,1,181.0,180.0,1.0,253
63,2,182.0,180.0,2.0,254
63,3,67.0,180.0,113.0,255
64,0,176.0,180.0,4.0,256
64,1,0.0,180.0,180.0,257
64,2,183.0,180.0,3.0,258
64,3,176.0,180.0,4.0,259
65,0,174.0,180.0,6.0,260
65,1,181.0,180.0,1.0,261
65,2,345.0,180.0,165.0,262
65,3,189.0,180.0,9.0,263
66,0,194.0,180.0,14.0,264
66,1,138.0,180.0,42.0,265
66,2,180.0,180.0,0.0,266
66,3,181.0,180.0,1.0,267
67,0,185.0,180.0,5.0,268
67,1,92.0,180.0,88.0,269
67,2,196.0,180.0,16.0,270
67,3,179.0,180.0,1.0,271
68,0,190.0,180.0,10.0,272
68,1,181.0,180.0,1.0,273
68,2,185.0,180.0,5.0,274
68,3,182.0,180.0,2.0,275
69,0,179.0,180.0,1.0,276
69,1,180.0,180.0,0.0,277
69,2,179.0,180.0,1.0,278
69,3,182.0,180.0,2.0,279
70,0,179.0,180.0,1.0,280
70,1,181.0,180.0,1.0,281
70,2,183.0,180.0,3.0,282
70,3,183.0,180.0,3.0,283
71,0,0.0,180.0,180.0,284
71,1,181.0,180.0,1.0,285
71,2,187.0,180.0,7.0,286
71,3,182.0,180.0,2.0,287
72,0,181.0,180.0,1.0,288
72,1,181.0,180.0,1.0,289
72,2,47.0,180.0,133.0,290
72,3,19.0,180.0,161.0,291
73,0,3.0,180.0,177.0,292
73,1,86.0,180.0,94.0,293
73,2,181.0,180.0,1.0,294
73,3,60.0,180.0,120.0,295
74,0,183.0,180.0,3.0,296
74,1,48.0,180.0,132.0,297
74,2,135.0,180.0,45.0,298
74,3,185.0,180.0,5.0,299
75,0,183.0,180.0,3.0,300
75,1,74.0,180.0,106.0,301
75,2,181.0,180.0,1.0,302
75,3,86.0,180.0,94.0,303
76,0,179.0,180.0,1.0,304
76,1,25.0,180.0,155.0,305
76,2,176.0,180.0,4.0,306
76,3,176.0,180.0,4.0,307
77,0,183.0,180.0,3.0,308
77,1,42.0,195.0,153.0,309
77,2,39.0,195.0,156.0,310
77,3,197.0,195.0,2.0,311
78,0,44.0,195.0,151.0,312
78,1,194.0,195.0,1.0,313
78,2,197.0,195.0,2.0,314
78,3,197.0,195.0,2.0,315
79,0,106.0,195.0,89.0,316
79,1,197.0,195.0,2.0,317
79,2,197.0,195.0,2.0,318
79,3,46.0,195.0,149.0,319
80,0,20.0,195.0,175.0,320
80,1,171.0,195.0,24.0,321
80,2,12.0,195.0,177.0,322
80,3,90.0,195.0,105.0,323
81,0,197.0,195.0,2.0,324
81,1,182.0,195.0,13.0,325
81,2,90.0,195.0,105.0,326
81,3,64.0,195.0,131.0,327
82,0,44.0,195.0,151.0,328
82,1,86.0,195.0,109.0,329
82,2,93.0,195.0,102.0,330
82,3,49.0,195.0,146.0,331
83,0,124.0,195.0,71.0,332
83,1,1.0,195.0,166.0,333
83,2,78.0,195.0,117.0,334
83,3,194.0,195.0,1.0,335
84,0,48.0,195.0,147.0,336
84,1,58.0,195.0,137.0,337
84,2,197.0,195.0,2.0,338
84,3,36.0,195.0,159.0,339
85,0,34.0,195.0,161.0,340
85,1,131.0,195.0,64.0,341
85,2,77.0,195.0,118.0,342
85,3,36.0,195.0,159.0,343
86,0,42.0,195.0,153.0,344
86,1,90.0,195.0,105.0,345
86,2,69.0,195.0,126.0,346
86,3,74.0,195.0,121.0,347
87,0,48.0,195.0,147.0,348
87,1,111.0,195.0,84.0,349
87,2,197.0,195.0,2.0,350
87,3,111.0,195.0,84.0,351
88,0,86.0,195.0,109.0,352
88,1,41.0,195.0,154.0,353
88,2,193.0,195.0,2.0,354
88,3,196.0,195.0,1.0,355
89,0,45.0,195.0,150.0,356
89,1,39.0,195.0,156.0,357
89,2,152.0,195.0,43.0,358
89,3,122.0,195.0,73.0,359
90,0,197.0,195.0,2.0,360
90,1,65.0,195.0,130.0,361
90,2,194.0,195.0,1.0,362
90,3,197.0,195.0,2.0,363
91,0,39.0,195.0,156.0,364
91,1,196.0,195.0,1.0,365
91,2,196.0,195.0,1.0,366
91,3,105.0,195.0,90.0,367
92,0,45.0,195.0,150.0,368
92,1,197.0,195.0,2.0,369
92,2,80.0,195.0,115.0,370
92,3,134.0,141.0,7.0,371
93,0,145.0,141.0,4.0,372
93,1,145.0,141.0,4.0,373
93,2,146.0,141.0,5.0,374
93,3,145.0,141.0,4.0,375
94,0,140.0,141.0,1.0,376
94,1,144.0,141.0,3.0,377
94,2,144.0,141.0,3.0,378
94,3,146.0,141.0,5.0,379
95,0,147.0,141.0,6.0,380
95,1,143.0,141.0,2.0,381
95,2,143.0,141.0,2.0,382
95,3,144.0,141.0,3.0,383
96,0,144.0,141.0,3.0,384
96,1,147.0,141.0,6.0,385
96,2,144.0,141.0,3.0,386
96,3,144.0,141.0,3.0,387
97,0,134.0,141.0,7.0,388
97,1,145.0,141.0,4.0,389
97,2,141.0,141.0,0.0,390
97,3,143.0,141.0,2.0,391
98,0,145.0,141.0,4.0,392
98,1,145.0,141.0,4.0,393
98,2,145.0,141.0,4.0,394
98,3,143.0,141.0,2.0,395
99,0,144.0,141.0,3.0,396
99,1,144.0,141.0,3.0,397
99,2,143.0,141.0,2.0,398
99,3,143.0,141.0,2.0,399
100,0,145.0,141.0,4.0,400
100,1,140.0,141.0,1.0,401
100,2,144.0,141.0,3.0,402
100,3,145.0,141.0,4.0,403
101,0,144.0,141.0,3.0,404
101,1,142.0,141.0,1.0,405
101,2,143.0,141.0,2.0,406
101,3,142.0,141.0,1.0,407
102,0,143.0,141.0,2.0,408
102,1,144.0,141.0,3.0,409
102,2,142.0,141.0,1.0,410
102,3,145.0,141.0,4.0,411
103,0,145.0,141.0,4.0,412
103,1,143.0,141.0,2.0,413
103,2,140.0,141.0,1.0,414
103,3,143.0,141.0,2.0,415
104,0,140.0,141.0,1.0,416
104,1,147.0,141.0,6.0,417
104,2,144.0,141.0,3.0,418
104,3,143.0,141.0,2.0,419
105,0,145.0,141.0,4.0,420
105,1,140.0,141.0,1.0,421
105,2,147.0,141.0,6.0,422
105,3,140.0,141.0,1.0,423
106,0,161.0,160.0,1.0,424
106,1,160.0,160.0,0.0,425
106,2,164.0,160.0,4.0,426
106,3,165.0,160.0,5.0,427
107,0,164.0,160.0,4.0,428
107,1,161.0,160.0,1.0,429
107,2,160.0,160.0,0.0,430
107,3,160.0,160.0,0.0,431
108,0,155.0,160.0,5.0,432
108,1,161.0,160.0,1.0,433
108,2,161.0,160.0,1.0,434
108,3,161.0,160.0,1.0,435
109,0,164.0,160.0,4.0,436
109,1,162.0,160.0,2.0,437
109,2,161.0,160.0,1.0,438
109,3,160.0,160.0,0.0,439
110,0,161.0,160.0,1.0,440
110,1,161.0,160.0,1.0,441
110,2,166.0,160.0,6.0,442
110,3,160.0,160.0,0.0,443
111,0,160.0,160.0,0.0,444
111,1,161.0,160.0,1.0,445
111,2,161.0,160.0,1.0,446
111,3,164.0,160.0,4.0,447
112,0,163.0,160.0,3.0,448
112,1,161.0,160.0,1.0,449
112,2,160.0,160.0,0.0,450
112,3,161.0,160.0,1.0,451
113,0,161.0,160.0,1.0,452
113,1,160.0,160.0,0.0,453
113,2,161.0,160.0,1.0,454
113,3,161.0,160.0,1.0,455
114,0,157.0,160.0,3.0,456
114,1,161.0,160.0,1.0,457
114,2,161.0,160.0,1.0,458
114,3,160.0,160.0,0.0,459
115,0,159.0,160.0,1.0,460
115,1,161.0,160.0,1.0,461
115,2,169.0,160.0,9.0,462
115,3,160.0,160.0,0.0,463
116,0,160.0,160.0,0.0,464
116,1,160.0,160.0,0.0,465
116,2,161.0,160.0,1.0,466
116,3,161.0,160.0,1.0,467
117,0,161.0,160.0,1.0,468
117,1,163.0,160.0,3.0,469
117,2,163.0,160.0,3.0,470
117,3,162.0,160.0,2.0,471
118,0,161.0,160.0,1.0,472
118,1,163.0,160.0,3.0,473
118,2,163.0,160.0,3.0,474
118,3,163.0,160.0,3.0,475
119,0,160.0,160.0,0.0,476
119,1,161.0,160.0,1.0,477
119,2,161.0,160.0,1.0,478
119,3,38.0,36.0,2.0,479
120,0,38.0,36.0,2.0,480
120,1,38.0,36.0,2.0,481
120,2,35.0,36.0,1.0,482
120,3,39.0,36.0,3.0,483
121,0,36.0,36.0,0.0,484
121,1,36.0,36.0,0.0,485
121,2,38.0,36.0,2.0,486
121,3,36.0,36.0,0.0,487
122,0,37.0,36.0,1.0,488
122,1,38.0,36.0,2.0,489
122,2,48.0,36.0,12.0,490
122,3,38.0,36.0,2.0,491
123,0,39.0,36.0,3.0,492
123,1,39.0,36.0,3.0,493
123,2,35.0,36.0,1.0,494
123,3,39.0,36.0,3.0,495
124,0,36.0,36.0,0.0,496
124,1,37.0,36.0,1.0,497
124,2,34.0,36.0,2.0,498
124,3,34.0,36.0,2.0,499
125,0,34.0,36.0,2.0,500
125,1,33.0,36.0,3.0,501
125,2,34.0,36.0,2.0,502
125,3,36.0,36.0,0.0,503
126,0,34.0,36.0,2.0,504
126,1,36.0,36.0,0.0,505
126,2,34.0,36.0,2.0,506
126,3,38.0,36.0,2.0,507
127,0,34.0,36.0,2.0,508
127,1,34.0,36.0,2.0,509
127,2,34.0,36.0,2.0,510
127,3,34.0,36.0,2.0,511
128,0,33.0,36.0,3.0,512
128,1,31.0,36.0,5.0,513
128,2,33.0,36.0,3.0,514
128,3,34.0,36.0,2.0,515
129,0,34.0,36.0,2.0,516
129,1,34.0,36.0,2.0,517
129,2,31.0,36.0,5.0,518
129,3,36.0,36.0,0.0,519
130,0,33.0,36.0,3.0,520
130,1,23.0,36.0,13.0,521
130,2,31.0,36.0,5.0,522
130,3,39.0,36.0,3.0,523
131,0,34.0,36.0,2.0,524
131,1,34.0,36.0,2.0,525
131,2,34.0,36.0,2.0,526
131,3,29.0,36.0,7.0,527
132,0,34.0,36.0,2.0,528
132,1,34.0,36.0,2.0,529
132,2,37.0,36.0,1.0,530
132,3,31.0,36.0,5.0,531
133,0,33.0,36.0,3.0,532
133,1,34.0,36.0,2.0,533
133,2,34.0,36.0,2.0,534
133,3,34.0,36.0,2.0,535
134,0,34.0,36.0,2.0,536
134,1,33.0,36.0,3.0,537
134,2,37.0,36.0,1.0,538
134,3,31.0,36.0,5.0,539
135,0,38.0,36.0,2.0,540
135,1,33.0,36.0,3.0,541
135,2,31.0,36.0,5.0,542
135,3,34.0,36.0,2.0,543
136,0,34.0,36.0,2.0,544
136,1,31.0,36.0,5.0,545
136,2,34.0,36.0,2.0,546
136,3,34.0,36.0,2.0,547
137,0,34.0,36.0,2.0,548
137,1,32.0,36.0,4.0,549
137,2,34.0,36.0,2.0,550
137,3,31.0,34.0,3.0,551
138,0,36.0,34.0,2.0,552
138,1,34.0,34.0,0.0,553
138,2,34.0,34.0,0.0,554
138,3,34.0,34.0,0.0,555
139,0,33.0,34.0,1.0,556
139,1,34.0,34.0,0.0,557
139,2,34.0,34.0,0.0,558
139,3,33.0,34.0,1.0,559
140,0,31.0,34.0,3.0,560
140,1,31.0,34.0,3.0,561
140,2,33.0,34.0,1.0,562
140,3,33.0,34.0,1.0,563
141,0,31.0,34.0,3.0,564
141,1,39.0,34.0,5.0,565
141,2,31.0,34.0,3.0,566
141,3,34.0,34.0,0.0,567
142,0,34.0,34.0,0.0,568
142,1,34.0,34.0,0.0,569
142,2,25.0,34.0,9.0,570
142,3,33.0,34.0,1.0,571
143,0,31.0,34.0,3.0,572
143,1,34.0,34.0,0.0,573
143,2,34.0,34.0,0.0,574
143,3,34.0,34.0,0.0,575
144,0,32.0,34.0,2.0,576
144,1,34.0,34.0,0.0,577
144,2,34.0,34.0,0.0,578
144,3,34.0,34.0,0.0,579
145,0,34.0,34.0,0.0,580
145,1,34.0,34.0,0.0,581
145,2,31.0,34.0,3.0,582
145,3,34.0,34.0,0.0,583
146,0,33.0,34.0,1.0,584
146,1,34.0,34.0,0.0,585
146,2,34.0,34.0,0.0,586
146,3,34.0,34.0,0.0,587
147,0,31.0,34.0,3.0,588
147,1,29.0,34.0,5.0,589
147,2,33.0,34.0,1.0,590
147,3,43.0,34.0,9.0,591
148,0,32.0,34.0,2.0,592
148,1,34.0,34.0,0.0,593
148,2,29.0,34.0,5.0,594
148,3,27.0,34.0,7.0,595
149,0,32.0,34.0,2.0,596
149,1,33.0,34.0,1.0,597
149,2,34.0,34.0,0.0,598
149,3,34.0,34.0,0.0,599
150,0,16.0,14.0,2.0,600
150,1,4.0,14.0,10.0,601
150,2,17.0,14.0,3.0,602
150,3,16.0,14.0,2.0,603
151,0,16.0,14.0,2.0,604
151,1,13.0,14.0,1.0,605
151,2,16.0,14.0,2.0,606
151,3,16.0,14.0,2.0,607
152,0,13.0,14.0,1.0,608
152,1,16.0,14.0,2.0,609
152,2,16.0,14.0,2.0,610
152,3,13.0,14.0,1.0,611
153,0,16.0,14.0,2.0,612
153,1,13.0,14.0,1.0,613
153,2,16.0,14.0,2.0,614
153,3,4.0,14.0,10.0,615
154,0,16.0,14.0,2.0,616
154,1,16.0,14.0,2.0,617
154,2,19.0,14.0,5.0,618
154,3,16.0,14.0,2.0,619
155,0,15.0,14.0,1.0,620
155,1,13.0,14.0,1.0,621
155,2,16.0,14.0,2.0,622
155,3,16.0,14.0,2.0,623
156,0,16.0,14.0,2.0,624
156,1,14.0,14.0,0.0,625
156,2,16.0,14.0,2.0,626
156,3,8.0,14.0,6.0,627
157,0,16.0,14.0,2.0,628
157,1,16.0,14.0,2.0,629
157,2,16.0,14.0,2.0,630
157,3,17.0,14.0,3.0,631
158,0,8.0,14.0,6.0,632
158,1,16.0,14.0,2.0,633
158,2,16.0,14.0,2.0,634
158,3,18.0,14.0,4.0,635
159,0,19.0,14.0,5.0,636
159,1,16.0,14.0,2.0,637
159,2,16.0,14.0,2.0,638
159,3,20.0,14.0,6.0,639
160,0,14.0,14.0,0.0,640
160,1,16.0,14.0,2.0,641
160,2,13.0,14.0,1.0,642
160,3,16.0,14.0,2.0,643
161,0,15.0,14.0,1.0,644
161,1,102.0,100.0,2.0,645
161,2,102.0,100.0,2.0,646
161,3,102.0,100.0,2.0,647
162,0,103.0,100.0,3.0,648
162,1,104.0,100.0,4.0,649
162,2,103.0,100.0,3.0,650
162,3,103.0,100.0,3.0,651
163,0,103.0,100.0,3.0,652
163,1,102.0,100.0,2.0,653
163,2,103.0,100.0,3.0,654
163,3,103.0,100.0,3.0,655
164,0,103.0,100.0,3.0,656
164,1,103.0,100.0,3.0,657
164,2,103.0,100.0,3.0,658
164,3,103.0,100.0,3.0,659
165,0,103.0,100.0,3.0,660
165,1,102.0,100.0,2.0,661
165,2,102.0,100.0,2.0,662
165,3,103.0,100.0,3.0,663
166,0,103.0,100.0,3.0,664
166,1,103.0,100.0,3.0,665
166,2,103.0,100.0,3.0,666
166,3,102.0,100.0,2.0,667
167,0,103.0,100.0,3.0,668
167,1,102.0,100.0,2.0,669
167,2,103.0,100.0,3.0,670
167,3,103.0,100.0,3.0,671
168,0,103.0,100.0,3.0,672
168,1,101.0,100.0,1.0,673
168,2,103.0,100.0,3.0,674
168,3,103.0,100.0,3.0,675
169,0,103.0,100.0,3.0,676
169,1,103.0,100.0,3.0,677
169,2,103.0,100.0,3.0,678
169,3,102.0,100.0,2.0,679
170,0,102.0,100.0,2.0,680
170,1,103.0,100.0,3.0,681
170,2,103.0,100.0,3.0,682
170,3,103.0,100.0,3.0,683
171,0,103.0,100.0,3.0,684
171,1,103.0,100.0,3.0,685
171,2,102.0,100.0,2.0,686
171,3,103.0,100.0,3.0,687
172,0,103.0,100.0,3.0,688
172,1,103.0,100.0,3.0,689
172,2,106.0,100.0,6.0,690
172,3,103.0,100.0,3.0,691
173,0,102.0,100.0,2.0,692
173,1,103.0,100.0,3.0,693
173,2,103.0,100.0,3.0,694
173,3,103.0,100.0,3.0,695
174,0,103.0,100.0,3.0,696
174,1,103.0,100.0,3.0,697
174,2,102.0,100.0,2.0,698
174,3,103.0,100.0,3.0,699
175,0,103.0,100.0,3.0,700
175,1,102.0,100.0,2.0,701
175,2,103.0,100.0,3.0,702
175,3,114.0,116.0,2.0,703
176,0,116.0,116.0,0.0,704
176,1,114.0,116.0,2.0,705
176,2,116.0,116.0,0.0,706
176,3,114.0,116.0,2.0,707
177,0,114.0,116.0,2.0,708
177,1,114.0,116.0,2.0,709
177,2,116.0,116.0,0.0,710
177,3,114.0,116.0,2.0,711
178,0,114.0,116.0,2.0,712
178,1,114.0,116.0,2.0,713
178,2,114.0,116.0,2.0,714
178,3,110.0,116.0,6.0,715
179,0,114.0,116.0,2.0,716
179,1,114.0,116.0,2.0,717
179,2,114.0,116.0,2.0,718
179,3,114.0,116.0,2.0,719
180,0,114.0,116.0,2.0,720
180,1,116.0,116.0,0.0,721
180,2,114.0,116.0,2.0,722
180,3,114.0,116.0,2.0,723
181,0,116.0,116.0,0.0,724
181,1,116.0,116.0,0.0,725
181,2,74.0,78.0,4.0,726
181,3,77.0,78.0,1.0,727
182,0,77.0,78.0,1.0,728
182,1,72.0,78.0,6.0,729
182,2,77.0,78.0,1.0,730
182,3,76.0,78.0,2.0,731
183,0,74.0,78.0,4.0,732
183,1,77.0,78.0,1.0,733
183,2,73.0,78.0,5.0,734
183,3,76.0,78.0,2.0,735
184,0,76.0,78.0,2.0,736
184,1,74.0,78.0,4.0,737
184,2,77.0,78.0,1.0,738
184,3,77.0,78.0,1.0,739
185,0,76.0,78.0,2.0,740
185,1,72.0,78.0,6.0,741
185,2,74.0,78.0,4.0,742
185,3,77.0,78.0,1.0,743
186,0,76.0,78.0,2.0,744
186,1,74.0,78.0,4.0,745
186,2,77.0,78.0,1.0,746
186,3,76.0,78.0,2.0,747
187,0,79.0,78.0,1.0,748
187,1,76.0,78.0,2.0,749
187,2,72.0,78.0,6.0,750
187,3,77.0,78.0,1.0,751
188,0,77.0,78.0,1.0,752
188,1,72.0,78.0,6.0,753
188,2,77.0,78.0,1.0,754
188,3,69.0,78.0,9.0,755
189,0,77.0,78.0,1.0,756
189,1,77.0,78.0,1.0,757
189,2,59.0,62.0,3.0,758
189,3,61.0,62.0,1.0,759
190,0,59.0,62.0,3.0,760
190,1,58.0,62.0,4.0,761
190,2,59.0,62.0,3.0,762
190,3,59.0,62.0,3.0,763
191,0,61.0,62.0,1.0,764
191,1,60.0,62.0,2.0,765
191,2,61.0,62.0,1.0,766
191,3,60.0,62.0,2.0,767
192,0,59.0,62.0,3.0,768
192,1,61.0,62.0,1.0,769
192,2,51.0,62.0,11.0,770
192,3,59.0,62.0,3.0,771
193,0,59.0,62.0,3.0,772
193,1,59.0,62.0,3.0,773
193,2,61.0,62.0,1.0,774
193,3,61.0,62.0,1.0,775
194,0,34.0,35.0,1.0,776
194,1,36.0,35.0,1.0,777
194,2,36.0,35.0,1.0,778
194,3,33.0,35.0,2.0,779
195,0,36.0,35.0,1.0,780
195,1,34.0,35.0,1.0,781
195,2,37.0,35.0,2.0,782
195,3,34.0,35.0,1.0,783
196,0,33.0,35.0,2.0,784
196,1,33.0,35.0,2.0,785
196,2,34.0,35.0,1.0,786
196,3,34.0,35.0,1.0,787
197,0,31.0,35.0,4.0,788
197,1,34.0,35.0,1.0,789
197,2,36.0,35.0,1.0,790
197,3,35.0,35.0,0.0,791
198,0,33.0,35.0,2.0,792
198,1,34.0,35.0,1.0,793
198,2,34.0,35.0,1.0,794
198,3,33.0,35.0,2.0,795
199,0,46.0,47.0,1.0,796
199,1,44.0,47.0,3.0,797
199,2,46.0,47.0,1.0,798
199,3,46.0,47.0,1.0,799
200,0,46.0,47.0,1.0,800
200,1,46.0,47.0,1.0,801
200,2,44.0,47.0,3.0,802
200,3,46.0,47.0,1.0,803
201,0,44.0,47.0,3.0,804
201,1,44.0,47.0,3.0,805
201,2,46.0,47.0,1.0,806
201,3,44.0,47.0,3.0,807
202,0,46.0,47.0,1.0,808
202,1,46.0,47.0,1.0,809
202,2,44.0,47.0,3.0,810
202,3,46.0,47.0,1.0,811
203,0,46.0,47.0,1.0,812
203,1,46.0,47.0,1.0,813
203,2,45.0,47.0,2.0,814
203,3,46.0,47.0,1.0,815
204,0,46.0,47.0,1.0,816
204,1,46.0,47.0,1.0,817
204,2,46.0,47.0,1.0,818
204,3,45.0,47.0,2.0,819
205,0,47.0,47.0,0.0,820
205,1,46.0,47.0,1.0,821
205,2,46.0,47.0,1.0,822
205,3,43.0,47.0,4.0,823
206,0,46.0,47.0,1.0,824
206,1,46.0,47.0,1.0,825
206,2,44.0,47.0,3.0,826
206,3,46.0,47.0,1.0,827
207,0,46.0,47.0,1.0,828
207,1,45.0,47.0,2.0,829
207,2,44.0,47.0,3.0,830
207,3,45.0,47.0,2.0,831
208,0,46.0,47.0,1.0,832
208,1,46.0,47.0,1.0,833
208,2,58.0,58.0,0.0,834
208,3,53.0,58.0,5.0,835
209,0,55.0,58.0,3.0,836
209,1,56.0,58.0,2.0,837
209,2,59.0,58.0,1.0,838
209,3,56.0,58.0,2.0,839
210,0,56.0,58.0,2.0,840
210,1,55.0,58.0,3.0,841
210,2,56.0,58.0,2.0,842
210,3,59.0,58.0,1.0,843
211,0,56.0,58.0,2.0,844
211,1,58.0,58.0,0.0,845
211,2,56.0,58.0,2.0,846
211,3,56.0,58.0,2.0,847
212,0,56.0,58.0,2.0,848
212,1,56.0,58.0,2.0,849
212,2,55.0,58.0,3.0,850
212,3,56.0,58.0,2.0,851
213,0,55.0,58.0,3.0,852
213,1,55.0,58.0,3.0,853
213,2,58.0,58.0,0.0,854
213,3,58.0,58.0,0.0,855
214,0,42.0,44.0,2.0,856
214,1,44.0,44.0,0.0,857
214,2,43.0,44.0,1.0,858
214,3,44.0,44.0,0.0,859
215,0,44.0,44.0,0.0,860
215,1,44.0,44.0,0.0,861
215,2,44.0,44.0,0.0,862
215,3,44.0,44.0,0.0,863
216,0,44.0,44.0,0.0,864
216,1,43.0,44.0,1.0,865
216,2,41.0,44.0,3.0,866
216,3,44.0,44.0,0.0,867
217,0,44.0,44.0,0.0,868
217,1,41.0,44.0,3.0,869
217,2,44.0,44.0,0.0,870
217,3,46.0,44.0,2.0,871
218,0,44.0,44.0,0.0,872
218,1,44.0,44.0,0.0,873
218,2,55.0,61.0,6.0,874
218,3,55.0,61.0,6.0,875
219,0,55.0,61.0,6.0,876
219,1,55.0,61.0,6.0,877
219,2,56.0,61.0,5.0,878
219,3,59.0,61.0,2.0,879
220,0,56.0,61.0,5.0,880
220,1,56.0,61.0,5.0,881
220,2,56.0,61.0,5.0,882
220,3,55.0,61.0,6.0,883
221,0,56.0,61.0,5.0,884
221,1,58.0,61.0,3.0,885
221,2,56.0,61.0,5.0,886
221,3,56.0,61.0,5.0,887
222,0,153.0,152.0,1.0,888
222,1,153.0,152.0,1.0,889
222,2,152.0,152.0,0.0,890
222,3,155.0,152.0,3.0,891
223,0,152.0,152.0,0.0,892
223,1,152.0,152.0,0.0,893
223,2,152.0,152.0,0.0,894
223,3,153.0,152.0,1.0,895
224,0,153.0,152.0,1.0,896
224,1,153.0,152.0,1.0,897
224,2,153.0,152.0,1.0,898
224,3,153.0,152.0,1.0,899
225,0,152.0,152.0,0.0,900
225,1,155.0,152.0,3.0,901
225,2,153.0,152.0,1.0,902
225,3,153.0,152.0,1.0,903
226,0,64.0,65.0,1.0,904
226,1,64.0,65.0,1.0,905
226,2,64.0,65.0,1.0,906
226,3,63.0,65.0,2.0,907
227,0,64.0,65.0,1.0,908
227,1,64.0,65.0,1.0,909
227,2,65.0,65.0,0.0,910
227,3,64.0,65.0,1.0,911
228,0,64.0,65.0,1.0,912
228,1,64.0,65.0,1.0,913
228,2,63.0,65.0,2.0,914
228,3,61.0,65.0,4.0,915
229,0,62.0,65.0,3.0,916
229,1,63.0,65.0,2.0,917
229,2,64.0,65.0,1.0,918
229,3,62.0,65.0,3.0,919
230,0,61.0,65.0,4.0,920
230,1,55.0,65.0,10.0,921
230,2,62.0,65.0,3.0,922
230,3,65.0,65.0,0.0,923
231,0,65.0,65.0,0.0,924
231,1,65.0,65.0,0.0,925
231,2,56.0,65.0,9.0,926
231,3,58.0,65.0,7.0,927
232,0,67.0,65.0,2.0,928
232,1,62.0,65.0,3.0,929
232,2,67.0,69.0,2.0,930
232,3,68.0,69.0,1.0,931
233,0,68.0,69.0,1.0,932
233,1,68.0,69.0,1.0,933
233,2,67.0,69.0,2.0,934
233,3,67.0,69.0,2.0,935
234,0,68.0,69.0,1.0,936
234,1,67.0,69.0,2.0,937
234,2,67.0,69.0,2.0,938
234,3,68.0,69.0,1.0,939
235,0,67.0,69.0,2.0,940
235,1,65.0,69.0,4.0,941
235,2,67.0,69.0,2.0,942
235,3,64.0,69.0,5.0,943
236,0,68.0,69.0,1.0,944
236,1,67.0,69.0,2.0,945
236,2,67.0,69.0,2.0,946
236,3,68.0,69.0,1.0,947
237,0,67.0,69.0,2.0,948
237,1,67.0,69.0,2.0,949
237,2,65.0,69.0,4.0,950
237,3,68.0,69.0,1.0,951
238,0,69.0,69.0,0.0,952
238,1,68.0,69.0,1.0,953
238,2,67.0,69.0,2.0,954
238,3,68.0,68.0,0.0,955
239,0,70.0,68.0,2.0,956
239,1,68.0,68.0,0.0,957
239,2,70.0,68.0,2.0,958
239,3,71.0,68.0,3.0,959
240,0,68.0,68.0,0.0,960
240,1,68.0,68.0,0.0,961
240,2,67.0,68.0,1.0,962
240,3,70.0,68.0,2.0,963
241,0,69.0,68.0,1.0,964
241,1,70.0,68.0,2.0,965
241,2,70.0,68.0,2.0,966
241,3,68.0,68.0,0.0,967
242,0,67.0,68.0,1.0,968
242,1,66.0,68.0,2.0,969
242,2,69.0,68.0,1.0,970
242,3,70.0,68.0,2.0,971
243,0,68.0,68.0,0.0,972
243,1,68.0,68.0,0.0,973
243,2,70.0,68.0,2.0,974
243,3,67.0,68.0,1.0,975
244,0,68.0,68.0,0.0,976
244,1,77.0,68.0,9.0,977
244,2,72.0,68.0,4.0,978
244,3,68.0,68.0,0.0,979
245,0,68.0,68.0,0.0,980
245,1,67.0,68.0,1.0,981
245,2,68.0,68.0,0.0,982
245,3,67.0,68.0,1.0,983
246,0,68.0,68.0,0.0,984
246,1,70.0,68.0,2.0,985
246,2,68.0,68.0,0.0,986
246,3,68.0,68.0,0.0,987
247,0,68.0,68.0,0.0,988
247,1,68.0,68.0,0.0,989
247,2,70.0,68.0,2.0,990
247,3,67.0,68.0,1.0,991
248,0,69.0,68.0,1.0,992
248,1,66.0,68.0,2.0,993
248,2,70.0,68.0,2.0,994
248,3,71.0,68.0,3.0,995
249,0,68.0,68.0,0.0,996
249,1,69.0,68.0,1.0,997
249,2,67.0,68.0,1.0,998
249,3,68.0,68.0,0.0,999
250,0,68.0,68.0,0.0,1000
250,1,68.0,68.0,0.0,1001
250,2,68.0,68.0,0.0,1002
250,3,70.0,68.0,2.0,1003
251,0,68.0,68.0,0.0,1004
251,1,70.0,68.0,2.0,1005
251,2,67.0,68.0,1.0,1006
251,3,72.0,68.0,4.0,1007
252,0,71.0,68.0,3.0,1008
252,1,70.0,68.0,2.0,1009
252,2,70.0,68.0,2.0,1010
252,3,69.0,68.0,1.0,1011
253,0,69.0,68.0,1.0,1012
253,1,55.0,49.0,6.0,1013
253,2,53.0,49.0,4.0,1014
253,3,53.0,49.0,4.0,1015
254,0,53.0,49.0,4.0,1016
254,1,53.0,49.0,4.0,1017
254,2,53.0,49.0,4.0,1018
254,3,51.0,49.0,2.0,1019
255,0,49.0,49.0,0.0,1020
255,1,55.0,49.0,6.0,1021
255,2,49.0,49.0,0.0,1022
255,3,53.0,49.0,4.0,1023
256,0,55.0,49.0,6.0,1024
256,1,48.0,49.0,1.0,1025
256,2,46.0,49.0,3.0,1026
256,3,53.0,49.0,4.0,1027
257,0,53.0,49.0,4.0,1028
257,1,55.0,49.0,6.0,1029
257,2,55.0,49.0,6.0,1030
257,3,55.0,49.0,6.0,1031
258,0,55.0,49.0,6.0,1032
258,1,55.0,49.0,6.0,1033
258,2,53.0,49.0,4.0,1034
258,3,55.0,49.0,6.0,1035
259,0,53.0,49.0,4.0,1036
259,1,53.0,49.0,4.0,1037
259,2,55.0,49.0,6.0,1038
259,3,55.0,49.0,6.0,1039
260,0,53.0,49.0,4.0,1040
260,1,51.0,49.0,2.0,1041
260,2,53.0,49.0,4.0,1042
260,3,51.0,49.0,2.0,1043
261,0,55.0,49.0,6.0,1044
261,1,55.0,49.0,6.0,1045
261,2,55.0,57.0,2.0,1046
261,3,55.0,57.0,2.0,1047
262,0,55.0,57.0,2.0,1048
262,1,55.0,57.0,2.0,1049
262,2,55.0,57.0,2.0,1050
262,3,56.0,57.0,1.0,1051
263,0,55.0,57.0,2.0,1052
263,1,55.0,57.0,2.0,1053
263,2,55.0,57.0,2.0,1054
263,3,59.0,57.0,2.0,1055
264,0,49.0,57.0,8.0,1056
264,1,64.0,57.0,7.0,1057
264,2,55.0,57.0,2.0,1058
264,3,56.0,57.0,1.0,1059
265,0,55.0,57.0,2.0,1060
265,1,55.0,57.0,2.0,1061
265,2,56.0,57.0,1.0,1062
265,3,56.0,57.0,1.0,1063
266,0,53.0,57.0,4.0,1064
266,1,55.0,57.0,2.0,1065
266,2,55.0,57.0,2.0,1066
266,3,55.0,57.0,2.0,1067
267,0,55.0,57.0,2.0,1068
267,1,55.0,57.0,2.0,1069
267,2,55.0,57.0,2.0,1070
267,3,55.0,57.0,2.0,1071
268,0,55.0,57.0,2.0,1072
268,1,33.0,33.0,0.0,1073
268,2,34.0,33.0,1.0,1074
268,3,34.0,33.0,1.0,1075
269,0,33.0,33.0,0.0,1076
269,1,34.0,33.0,1.0,1077
269,2,33.0,33.0,0.0,1078
269,3,33.0,33.0,0.0,1079
270,0,34.0,33.0,1.0,1080
270,1,33.0,33.0,0.0,1081
270,2,33.0,33.0,0.0,1082
270,3,35.0,33.0,2.0,1083
271,0,33.0,33.0,0.0,1084
271,1,34.0,33.0,1.0,1085
271,2,33.0,33.0,0.0,1086
271,3,33.0,33.0,0.0,1087
272,0,34.0,33.0,1.0,1088
272,1,33.0,33.0,0.0,1089
272,2,33.0,33.0,0.0,1090
272,3,14.0,14.0,0.0,1091
273,0,14.0,14.0,0.0,1092
273,1,16.0,14.0,2.0,1093
273,2,16.0,14.0,2.0,1094
273,3,14.0,14.0,0.0,1095
274,0,16.0,14.0,2.0,1096
274,1,16.0,14.0,2.0,1097
274,2,16.0,14.0,2.0,1098
274,3,14.0,14.0,0.0,1099
275,0,16.0,14.0,2.0,1100
275,1,16.0,14.0,2.0,1101
275,2,16.0,14.0,2.0,1102
275,3,16.0,14.0,2.0,1103
276,0,16.0,14.0,2.0,1104
276,1,14.0,14.0,0.0,1105
276,2,71.0,74.0,3.0,1106
276,3,71.0,74.0,3.0,1107
277,0,71.0,74.0,3.0,1108
277,1,70.0,74.0,4.0,1109
277,2,72.0,74.0,2.0,1110
277,3,73.0,74.0,1.0,1111
278,0,72.0,74.0,2.0,1112
278,1,70.0,74.0,4.0,1113
278,2,71.0,74.0,3.0,1114
278,3,71.0,74.0,3.0,1115
279,0,69.0,74.0,5.0,1116
279,1,71.0,74.0,3.0,1117
279,2,75.0,74.0,1.0,1118
279,3,70.0,74.0,4.0,1119
280,0,70.0,74.0,4.0,1120
280,1,70.0,74.0,4.0,1121
280,2,71.0,74.0,3.0,1122
280,3,71.0,74.0,3.0,1123
281,0,73.0,74.0,1.0,1124
281,1,71.0,74.0,3.0,1125
281,2,73.0,74.0,1.0,1126
281,3,72.0,74.0,2.0,1127
282,0,72.0,74.0,2.0,1128
282,1,70.0,74.0,4.0,1129
282,2,70.0,74.0,4.0,1130
282,3,71.0,74.0,3.0,1131
283,0,73.0,74.0,1.0,1132
283,1,72.0,74.0,2.0,1133
283,2,70.0,74.0,4.0,1134
283,3,72.0,74.0,2.0,1135
284,0,71.0,74.0,3.0,1136
284,1,72.0,74.0,2.0,1137
284,2,70.0,74.0,4.0,1138
284,3,72.0,74.0,2.0,1139
285,0,55.0,57.0,2.0,1140
285,1,55.0,57.0,2.0,1141
285,2,55.0,57.0,2.0,1142
285,3,55.0,57.0,2.0,1143
286,0,55.0,57.0,2.0,1144
286,1,55.0,57.0,2.0,1145
286,2,55.0,57.0,2.0,1146
286,3,55.0,57.0,2.0,1147
287,0,56.0,57.0,1.0,1148
287,1,55.0,57.0,2.0,1149
287,2,55.0,57.0,2.0,1150
287,3,55.0,57.0,2.0,1151
288,0,55.0,57.0,2.0,1152
288,1,55.0,57.0,2.0,1153
288,2,55.0,57.0,2.0,1154
288,3,55.0,57.0,2.0,1155
289,0,55.0,57.0,2.0,1156
289,1,55.0,57.0,2.0,1157
289,2,55.0,57.0,2.0,1158
289,3,56.0,57.0,1.0,1159
290,0,55.0,57.0,2.0,1160
290,1,53.0,57.0,4.0,1161
290,2,55.0,57.0,2.0,1162
290,3,56.0,57.0,1.0,1163
291,0,55.0,57.0,2.0,1164
291,1,55.0,57.0,2.0,1165
291,2,55.0,57.0,2.0,1166
291,3,56.0,57.0,1.0,1167
292,0,55.0,57.0,2.0,1168
292,1,55.0,57.0,2.0,1169
292,2,55.0,57.0,2.0,1170
292,3,55.0,57.0,2.0,1171
293,0,2.0,3.0,1.0,1172
293,1,2.0,3.0,1.0,1173
293,2,2.0,3.0,1.0,1174
293,3,2.0,3.0,1.0,1175
294,0,3.0,3.0,0.0,1176
294,1,2.0,3.0,1.0,1177
294,2,2.0,3.0,1.0,1178
294,3,3.0,3.0,0.0,1179
295,0,2.0,3.0,1.0,1180
295,1,3.0,3.0,0.0,1181
295,2,3.0,3.0,0.0,1182
295,3,2.0,3.0,1.0,1183
296,0,2.0,3.0,1.0,1184
296,1,346.0,350.0,4.0,1185
296,2,168.0,178.0,10.0,1186
296,3,184.0,178.0,6.0,1187
297,0,186.0,178.0,8.0,1188
297,1,190.0,178.0,12.0,1189
297,2,66.0,178.0,112.0,1190
297,3,190.0,178.0,12.0,1191
298,0,185.0,178.0,7.0,1192
298,1,188.0,178.0,10.0,1193
298,2,183.0,178.0,5.0,1194
298,3,181.0,178.0,3.0,1195
299,0,138.0,178.0,40.0,1196
299,1,188.0,178.0,10.0,1197
299,2,187.0,178.0,9.0,1198
299,3,187.0,178.0,9.0,1199
300,0,190.0,178.0,12.0,1200
300,1,60.0,178.0,118.0,1201
300,2,192.0,178.0,14.0,1202
300,3,184.0,178.0,6.0,1203
301,0,181.0,178.0,3.0,1204
301,1,185.0,178.0,7.0,1205
301,2,179.0,178.0,1.0,1206
301,3,186.0,178.0,8.0,1207
302,0,86.0,178.0,92.0,1208
302,1,185.0,178.0,7.0,1209
302,2,182.0,178.0,4.0,1210
302,3,185.0,178.0,7.0,1211
303,0,184.0,178.0,6.0,1212
303,1,184.0,178.0,6.0,1213
303,2,190.0,178.0,12.0,1214
303,3,184.0,178.0,6.0,1215
304,0,185.0,178.0,7.0,1216
304,1,181.0,178.0,3.0,1217
304,2,188.0,178.0,10.0,1218
304,3,183.0,178.0,5.0,1219
305,0,185.0,178.0,7.0,1220
305,1,185.0,178.0,7.0,1221
305,2,182.0,178.0,4.0,1222
305,3,192.0,178.0,14.0,1223
306,0,185.0,178.0,7.0,1224
306,1,187.0,178.0,9.0,1225
306,2,182.0,178.0,4.0,1226
306,3,176.0,178.0,2.0,1227
307,0,182.0,178.0,4.0,1228
307,1,190.0,178.0,12.0,1229
307,2,3.0,178.0,175.0,1230
307,3,188.0,178.0,10.0,1231
308,0,20.0,178.0,158.0,1232
308,1,174.0,178.0,4.0,1233
308,2,178.0,178.0,0.0,1234
308,3,183.0,178.0,5.0,1235
309,0,108.0,178.0,70.0,1236
309,1,181.0,178.0,3.0,1237
309,2,181.0,178.0,3.0,1238
309,3,185.0,178.0,7.0,1239
310,0,185.0,178.0,7.0,1240
310,1,185.0,178.0,7.0,1241
310,2,190.0,178.0,12.0,1242
310,3,60.0,178.0,118.0,1243
311,0,188.0,178.0,10.0,1244
311,1,181.0,178.0,3.0,1245
311,2,184.0,178.0,6.0,1246
311,3,184.0,178.0,6.0,1247
312,0,12.0,178.0,166.0,1248
312,1,74.0,178.0,104.0,1249
312,2,188.0,178.0,10.0,1250
312,3,183.0,178.0,5.0,1251
313,0,190.0,178.0,12.0,1252
313,1,181.0,178.0,3.0,1253
313,2,185.0,178.0,7.0,1254
313,3,181.0,178.0,3.0,1255
314,0,183.0,178.0,5.0,1256
314,1,184.0,178.0,6.0,1257
314,2,185.0,178.0,7.0,1258
314,3,179.0,178.0,1.0,1259
315,0,183.0,178.0,5.0,1260
315,1,185.0,178.0,7.0,1261
315,2,181.0,178.0,3.0,1262
315,3,183.0,178.0,5.0,1263
316,0,174.0,178.0,4.0,1264
316,1,177.0,178.0,1.0,1265
316,2,190.0,178.0,12.0,1266
316,3,185.0,178.0,7.0,1267
317,0,12.0,178.0,166.0,1268
317,1,183.0,178.0,5.0,1269
317,2,183.0,178.0,5.0,1270
317,3,188.0,178.0,10.0,1271
318,0,23.0,178.0,155.0,1272
318,1,186.0,178.0,8.0,1273
318,2,184.0,178.0,6.0,1274
318,3,169.0,178.0,9.0,1275
319,0,185.0,178.0,7.0,1276
319,1,184.0,178.0,6.0,1277
319,2,1.0,178.0,177.0,1278
319,3,185.0,178.0,7.0,1279
320,0,185.0,178.0,7.0,1280
320,1,180.0,178.0,2.0,1281
320,2,185.0,178.0,7.0,1282
320,3,39.0,178.0,139.0,1283
321,0,182.0,178.0,4.0,1284
321,1,186.0,178.0,8.0,1285
321,2,190.0,178.0,12.0,1286
321,3,188.0,178.0,10.0,1287
322,0,182.0,178.0,4.0,1288
322,1,191.0,178.0,13.0,1289
322,2,188.0,178.0,10.0,1290
322,3,185.0,178.0,7.0,1291
323,0,185.0,178.0,7.0,1292
323,1,190.0,178.0,12.0,1293
323,2,190.0,178.0,12.0,1294
323,3,186.0,178.0,8.0,1295
324,0,185.0,178.0,7.0,1296
324,1,185.0,178.0,7.0,1297
324,2,185.0,178.0,7.0,1298
324,3,182.0,178.0,4.0,1299
325,0,31.0,178.0,147.0,1300
325,1,58.0,178.0,120.0,1301
325,2,1.0,178.0,177.0,1302
325,3,185.0,178.0,7.0,1303
326,0,185.0,178.0,7.0,1304
326,1,182.0,178.0,4.0,1305
326,2,190.0,178.0,12.0,1306
326,3,187.0,178.0,9.0,1307
327,0,150.0,178.0,28.0,1308
327,1,185.0,178.0,7.0,1309
327,2,182.0,178.0,4.0,1310
327,3,179.0,178.0,1.0,1311
328,0,180.0,178.0,2.0,1312
328,1,184.0,178.0,6.0,1313
328,2,183.0,178.0,5.0,1314
328,3,185.0,178.0,7.0,1315
329,0,192.0,178.0,14.0,1316
329,1,190.0,178.0,12.0,1317
329,2,29.0,178.0,149.0,1318
329,3,188.0,178.0,10.0,1319
330,0,181.0,178.0,3.0,1320
330,1,188.0,178.0,10.0,1321
330,2,181.0,178.0,3.0,1322
330,3,34.0,178.0,144.0,1323
331,0,176.0,178.0,2.0,1324
331,1,182.0,178.0,4.0,1325
331,2,179.0,178.0,1.0,1326
331,3,190.0,178.0,12.0,1327
332,0,185.0,178.0,7.0,1328
332,1,66.0,178.0,112.0,1329
332,2,188.0,178.0,10.0,1330
332,3,187.0,178.0,9.0,1331
333,0,189.0,178.0,11.0,1332
333,1,15.0,178.0,163.0,1333
333,2,192.0,178.0,14.0,1334
333,3,187.0,178.0,9.0,1335
334,0,184.0,178.0,6.0,1336
334,1,186.0,178.0,8.0,1337
334,2,185.0,178.0,7.0,1338
334,3,183.0,178.0,5.0,1339
335,0,181.0,178.0,3.0,1340
335,1,39.0,178.0,139.0,1341
335,2,187.0,178.0,9.0,1342
335,3,190.0,178.0,12.0,1343
336,0,181.0,178.0,3.0,1344
336,1,77.0,178.0,101.0,1345
336,2,190.0,178.0,12.0,1346
336,3,347.0,178.0,169.0,1347
337,0,182.0,178.0,4.0,1348
337,1,181.0,178.0,3.0,1349
337,2,186.0,178.0,8.0,1350
337,3,190.0,178.0,12.0,1351
338,0,177.0,178.0,1.0,1352
338,1,185.0,178.0,7.0,1353
338,2,22.0,178.0,156.0,1354
338,3,184.0,178.0,6.0,1355
339,0,186.0,178.0,8.0,1356
339,1,185.0,178.0,7.0,1357
339,2,185.0,178.0,7.0,1358
339,3,188.0,178.0,10.0,1359
340,0,12.0,178.0,166.0,1360
340,1,187.0,178.0,9.0,1361
340,2,182.0,178.0,4.0,1362
340,3,185.0,178.0,7.0,1363
341,0,183.0,178.0,5.0,1364
341,1,190.0,178.0,12.0,1365
341,2,185.0,178.0,7.0,1366
341,3,186.0,178.0,8.0,1367
342,0,184.0,178.0,6.0,1368
342,1,185.0,178.0,7.0,1369
342,2,185.0,178.0,7.0,1370
342,3,186.0,178.0,8.0,1371
343,0,185.0,178.0,7.0,1372
343,1,185.0,178.0,7.0,1373
343,2,182.0,178.0,4.0,1374
343,3,188.0,178.0,10.0,1375
344,0,188.0,178.0,10.0,1376
344,1,188.0,178.0,10.0,1377
344,2,185.0,178.0,7.0,1378
344,3,185.0,178.0,7.0,1379
345,0,185.0,178.0,7.0,1380
345,1,185.0,178.0,7.0,1381
345,2,183.0,178.0,5.0,1382
345,3,185.0,178.0,7.0,1383
346,0,186.0,178.0,8.0,1384
346,1,186.0,178.0,8.0,1385
346,2,186.0,178.0,8.0,1386
346,3,183.0,178.0,5.0,1387
347,0,185.0,178.0,7.0,1388
347,1,186.0,178.0,8.0,1389
347,2,188.0,178.0,10.0,1390
347,3,183.0,178.0,5.0,1391
348,0,186.0,178.0,8.0,1392
348,1,184.0,178.0,6.0,1393
348,2,185.0,178.0,7.0,1394
348,3,190.0,178.0,12.0,1395
349,0,65.0,178.0,113.0,1396
349,1,190.0,178.0,12.0,1397
349,2,183.0,178.0,5.0,1398
349,3,177.0,178.0,1.0,1399
350,0,81.0,178.0,97.0,1400
350,1,184.0,178.0,6.0,1401
350,2,185.0,178.0,7.0,1402
350,3,42.0,178.0,136.0,1403
351,0,192.0,178.0,14.0,1404
351,1,187.0,178.0,9.0,1405
351,2,188.0,178.0,10.0,1406
351,3,186.0,178.0,8.0,1407
352,0,188.0,178.0,10.0,1408
352,1,187.0,178.0,9.0,1409
352,2,186.0,178.0,8.0,1410
352,3,56.0,178.0,122.0,1411
353,0,74.0,178.0,104.0,1412
353,1,181.0,178.0,3.0,1413
353,2,183.0,178.0,5.0,1414
353,3,20.0,178.0,158.0,1415
354,0,187.0,178.0,9.0,1416
354,1,184.0,178.0,6.0,1417
354,2,55.0,178.0,123.0,1418
354,3,191.0,178.0,13.0,1419
355,0,187.0,178.0,9.0,1420
355,1,187.0,178.0,9.0,1421
355,2,185.0,178.0,7.0,1422
355,3,182.0,178.0,4.0,1423
356,0,181.0,178.0,3.0,1424
356,1,186.0,178.0,8.0,1425
356,2,185.0,178.0,7.0,1426
356,3,185.0,178.0,7.0,1427
357,0,72.0,178.0,106.0,1428
357,1,356.0,178.0,178.0,1429
357,2,185.0,178.0,7.0,1430
357,3,185.0,178.0,7.0,1431
358,0,185.0,178.0,7.0,1432
358,1,185.0,178.0,7.0,1433
358,2,182.0,178.0,4.0,1434
358,3,185.0,178.0,7.0,1435
359,0,187.0,178.0,9.0,1436
359,1,96.0,178.0,82.0,1437
359,2,192.0,178.0,14.0,1438
359,3,187.0,178.0,9.0,1439
360,0,184.0,178.0,6.0,1440
360,1,178.0,178.0,0.0,1441
360,2,185.0,178.0,7.0,1442
360,3,183.0,178.0,5.0,1443
361,0,184.0,178.0,6.0,1444
361,1,185.0,178.0,7.0,1445
361,2,185.0,178.0,7.0,1446
361,3,60.0,178.0,118.0,1447
362,0,192.0,178.0,14.0,1448
362,1,98.0,178.0,80.0,1449
362,2,184.0,178.0,6.0,1450
362,3,184.0,178.0,6.0,1451
363,0,188.0,178.0,10.0,1452
363,1,190.0,178.0,12.0,1453
363,2,182.0,178.0,4.0,1454
363,3,190.0,178.0,12.0,1455
364,0,185.0,178.0,7.0,1456
364,1,195.0,178.0,17.0,1457
364,2,185.0,178.0,7.0,1458
364,3,185.0,178.0,7.0,1459
365,0,188.0,178.0,10.0,1460
365,1,185.0,178.0,7.0,1461
365,2,48.0,178.0,130.0,1462
365,3,345.0,178.0,167.0,1463
366,0,188.0,178.0,10.0,1464
366,1,185.0,178.0,7.0,1465
366,2,185.0,178.0,7.0,1466
366,3,187.0,178.0,9.0,1467
367,0,90.0,178.0,88.0,1468
367,1,7.0,178.0,171.0,1469
367,2,185.0,178.0,7.0,1470
367,3,185.0,178.0,7.0,1471
368,0,81.0,178.0,97.0,1472
368,1,187.0,178.0,9.0,1473
368,2,185.0,178.0,7.0,1474
368,3,182.0,178.0,4.0,1475
369,0,190.0,178.0,12.0,1476
369,1,186.0,178.0,8.0,1477
369,2,188.0,178.0,10.0,1478
369,3,186.0,178.0,8.0,1479
370,0,185.0,178.0,7.0,1480
370,1,186.0,178.0,8.0,1481
370,2,55.0,57.0,2.0,1482
370,3,55.0,57.0,2.0,1483
371,0,55.0,57.0,2.0,1484
371,1,55.0,57.0,2.0,1485
371,2,55.0,57.0,2.0,1486
371,3,55.0,57.0,2.0,1487
372,0,55.0,57.0,2.0,1488
372,1,55.0,57.0,2.0,1489
372,2,55.0,57.0,2.0,1490
372,3,55.0,57.0,2.0,1491
373,0,55.0,57.0,2.0,1492
373,1,58.0,57.0,1.0,1493
373,2,55.0,57.0,2.0,1494
373,3,55.0,57.0,2.0,1495
374,0,58.0,57.0,1.0,1496
374,1,55.0,57.0,2.0,1497
374,2,55.0,57.0,2.0,1498
374,3,55.0,57.0,2.0,1499
375,0,55.0,57.0,2.0,1500
375,1,53.0,57.0,4.0,1501
375,2,55.0,57.0,2.0,1502
375,3,55.0,57.0,2.0,1503
376,0,55.0,57.0,2.0,1504
376,1,55.0,57.0,2.0,1505
376,2,55.0,57.0,2.0,1506
376,3,56.0,57.0,1.0,1507
377,0,55.0,57.0,2.0,1508
377,1,13.0,14.0,1.0,1509
377,2,15.0,14.0,1.0,1510
377,3,16.0,14.0,2.0,1511
378,0,14.0,14.0,0.0,1512
378,1,14.0,14.0,0.0,1513
378,2,13.0,14.0,1.0,1514
378,3,16.0,14.0,2.0,1515
379,0,16.0,14.0,2.0,1516
379,1,16.0,14.0,2.0,1517
379,2,16.0,14.0,2.0,1518
379,3,13.0,14.0,1.0,1519
380,0,14.0,14.0,0.0,1520
380,1,15.0,14.0,1.0,1521
380,2,14.0,14.0,0.0,1522
380,3,14.0,14.0,0.0,1523
381,0,70.0,74.0,4.0,1524
381,1,72.0,74.0,2.0,1525
381,2,70.0,74.0,4.0,1526
381,3,72.0,74.0,2.0,1527
382,0,72.0,74.0,2.0,1528
382,1,71.0,74.0,3.0,1529
382,2,70.0,74.0,4.0,1530
382,3,70.0,74.0,4.0,1531
383,0,70.0,74.0,4.0,1532
383,1,70.0,74.0,4.0,1533
383,2,72.0,74.0,2.0,1534
383,3,71.0,74.0,3.0,1535
384,0,72.0,74.0,2.0,1536
384,1,69.0,74.0,5.0,1537
384,2,71.0,74.0,3.0,1538
384,3,71.0,74.0,3.0,1539
385,0,72.0,74.0,2.0,1540
385,1,72.0,74.0,2.0,1541
385,2,72.0,74.0,2.0,1542
385,3,68.0,74.0,6.0,1543
386,0,70.0,74.0,4.0,1544
386,1,72.0,74.0,2.0,1545
386,2,73.0,74.0,1.0,1546
386,3,72.0,74.0,2.0,1547
387,0,70.0,74.0,4.0,1548
387,1,73.0,74.0,1.0,1549
387,2,72.0,74.0,2.0,1550
387,3,70.0,74.0,4.0,1551
388,0,71.0,74.0,3.0,1552
388,1,73.0,74.0,1.0,1553
388,2,71.0,74.0,3.0,1554
388,3,72.0,74.0,2.0,1555
389,0,70.0,74.0,4.0,1556
389,1,70.0,74.0,4.0,1557
389,2,55.0,57.0,2.0,1558
389,3,55.0,57.0,2.0,1559
390,0,55.0,57.0,2.0,1560
390,1,56.0,57.0,1.0,1561
390,2,55.0,57.0,2.0,1562
390,3,55.0,57.0,2.0,1563
391,0,61.0,57.0,4.0,1564
391,1,55.0,57.0,2.0,1565
391,2,56.0,57.0,1.0,1566
391,3,55.0,57.0,2.0,1567
392,0,51.0,57.0,6.0,1568
392,1,55.0,57.0,2.0,1569
392,2,55.0,57.0,2.0,1570
392,3,51.0,57.0,6.0,1571
393,0,55.0,57.0,2.0,1572
393,1,55.0,57.0,2.0,1573
393,2,55.0,57.0,2.0,1574
393,3,55.0,57.0,2.0,1575
394,0,55.0,57.0,2.0,1576
394,1,56.0,57.0,1.0,1577
394,2,55.0,57.0,2.0,1578
394,3,56.0,57.0,1.0,1579
395,0,55.0,57.0,2.0,1580
395,1,49.0,57.0,8.0,1581
395,2,55.0,57.0,2.0,1582
395,3,55.0,57.0,2.0,1583
396,0,56.0,57.0,1.0,1584
396,1,60.0,57.0,3.0,1585
396,2,55.0,57.0,2.0,1586
396,3,55.0,57.0,2.0,1587
397,0,55.0,57.0,2.0,1588
397,1,56.0,57.0,1.0,1589
397,2,2.0,3.0,1.0,1590
397,3,2.0,3.0,1.0,1591
398,0,2.0,3.0,1.0,1592
398,1,2.0,3.0,1.0,1593
398,2,2.0,3.0,1.0,1594
398,3,2.0,3.0,1.0,1595
399,0,2.0,3.0,1.0,1596
399,1,2.0,3.0,1.0,1597
399,2,2.0,3.0,1.0,1598
399,3,2.0,3.0,1.0,1599
400,0,2.0,3.0,1.0,1600
400,1,2.0,3.0,1.0,1601
400,2,2.0,3.0,1.0,1602
400,3,348.0,350.0,2.0,1603
401,0,72.0,73.0,1.0,1604
401,1,70.0,73.0,3.0,1605
401,2,74.0,73.0,1.0,1606
401,3,72.0,73.0,1.0,1607
402,0,70.0,73.0,3.0,1608
402,1,72.0,73.0,1.0,1609
402,2,73.0,73.0,0.0,1610
402,3,70.0,73.0,3.0,1611
403,0,72.0,73.0,1.0,1612
403,1,70.0,73.0,3.0,1613
403,2,70.0,73.0,3.0,1614
403,3,71.0,73.0,2.0,1615
404,0,70.0,73.0,3.0,1616
404,1,70.0,73.0,3.0,1617
404,2,77.0,73.0,4.0,1618
404,3,70.0,73.0,3.0,1619
405,0,72.0,73.0,1.0,1620
405,1,72.0,73.0,1.0,1621
405,2,68.0,73.0,5.0,1622
405,3,71.0,73.0,2.0,1623
406,0,70.0,73.0,3.0,1624
406,1,72.0,73.0,1.0,1625
406,2,68.0,73.0,5.0,1626
406,3,71.0,73.0,2.0,1627
407,0,3.0,73.0,70.0,1628
407,1,72.0,73.0,1.0,1629
407,2,71.0,73.0,2.0,1630
407,3,70.0,73.0,3.0,1631
408,0,70.0,73.0,3.0,1632
408,1,69.0,73.0,4.0,1633
408,2,92.0,94.0,2.0,1634
408,3,92.0,94.0,2.0,1635
409,0,99.0,94.0,5.0,1636
409,1,90.0,94.0,4.0,1637
409,2,90.0,94.0,4.0,1638
409,3,90.0,94.0,4.0,1639
410,0,89.0,94.0,5.0,1640
410,1,92.0,94.0,2.0,1641
410,2,92.0,94.0,2.0,1642
410,3,34.0,35.0,1.0,1643
411,0,36.0,35.0,1.0,1644
411,1,38.0,35.0,3.0,1645
411,2,32.0,35.0,3.0,1646
411,3,38.0,35.0,3.0,1647
412,0,34.0,35.0,1.0,1648
412,1,34.0,35.0,1.0,1649
412,2,39.0,35.0,4.0,1650
412,3,34.0,35.0,1.0,1651
413,0,34.0,35.0,1.0,1652
413,1,38.0,35.0,3.0,1653
413,2,36.0,35.0,1.0,1654
413,3,34.0,35.0,1.0,1655
414,0,34.0,35.0,1.0,1656
414,1,35.0,35.0,0.0,1657
414,2,39.0,35.0,4.0,1658
414,3,34.0,35.0,1.0,1659
415,0,36.0,35.0,1.0,1660
415,1,36.0,35.0,1.0,1661
415,2,35.0,35.0,0.0,1662
415,3,36.0,35.0,1.0,1663
416,0,34.0,35.0,1.0,1664
416,1,36.0,35.0,1.0,1665
416,2,36.0,35.0,1.0,1666
416,3,38.0,35.0,3.0,1667
417,0,36.0,35.0,1.0,1668
417,1,37.0,35.0,2.0,1669
417,2,34.0,35.0,1.0,1670
417,3,30.0,28.0,2.0,1671
418,0,32.0,28.0,4.0,1672
418,1,29.0,28.0,1.0,1673
418,2,25.0,28.0,3.0,1674
418,3,32.0,28.0,4.0,1675
419,0,25.0,28.0,3.0,1676
419,1,30.0,28.0,2.0,1677
419,2,29.0,28.0,1.0,1678
419,3,30.0,28.0,2.0,1679
420,0,25.0,28.0,3.0,1680
420,1,26.0,28.0,2.0,1681
420,2,29.0,28.0,1.0,1682
420,3,28.0,28.0,0.0,1683
421,0,29.0,28.0,1.0,1684
421,1,16.0,17.0,1.0,1685
421,2,13.0,17.0,4.0,1686
421,3,11.0,17.0,6.0,1687
422,0,10.0,17.0,7.0,1688
422,1,16.0,17.0,1.0,1689
422,2,8.0,17.0,9.0,1690
422,3,16.0,17.0,1.0,1691
423,0,14.0,17.0,3.0,1692
423,1,16.0,17.0,1.0,1693
423,2,13.0,17.0,4.0,1694
423,3,16.0,17.0,1.0,1695
424,0,14.0,17.0,3.0,1696
424,1,13.0,17.0,4.0,1697
424,2,16.0,17.0,1.0,1698
424,3,8.0,17.0,9.0,1699
425,0,17.0,17.0,0.0,1700
425,1,16.0,17.0,1.0,1701
425,2,14.0,17.0,3.0,1702
425,3,16.0,17.0,1.0,1703
426,0,14.0,17.0,3.0,1704
426,1,13.0,17.0,4.0,1705
426,2,16.0,17.0,1.0,1706
426,3,10.0,17.0,7.0,1707
427,0,16.0,17.0,1.0,1708
427,1,4.0,17.0,13.0,1709
427,2,16.0,17.0,1.0,1710
427,3,13.0,17.0,4.0,1711
428,0,13.0,17.0,4.0,1712
428,1,13.0,17.0,4.0,1713
428,2,16.0,17.0,1.0,1714
428,3,32.0,33.0,1.0,1715
429,0,31.0,33.0,2.0,1716
429,1,31.0,33.0,2.0,1717
429,2,29.0,33.0,4.0,1718
429,3,39.0,33.0,6.0,1719
430,0,29.0,33.0,4.0,1720
430,1,20.0,33.0,13.0,1721
430,2,33.0,33.0,0.0,1722
430,3,31.0,33.0,2.0,1723
431,0,34.0,33.0,1.0,1724
431,1,62.0,33.0,29.0,1725
431,2,29.0,33.0,4.0,1726
431,3,29.0,33.0,4.0,1727
432,0,32.0,33.0,1.0,1728
432,1,32.0,33.0,1.0,1729
432,2,1.0,358.0,3.0,1730
432,3,357.0,358.0,1.0,1731
433,0,0.0,358.0,2.0,1732
433,1,0.0,358.0,2.0,1733
433,2,354.0,358.0,4.0,1734
433,3,0.0,358.0,2.0,1735
434,0,0.0,358.0,2.0,1736
434,1,0.0,358.0,2.0,1737
434,2,0.0,358.0,2.0,1738
434,3,0.0,358.0,2.0,1739
435,0,0.0,358.0,2.0,1740
435,1,354.0,358.0,4.0,1741
435,2,0.0,358.0,2.0,1742
435,3,0.0,358.0,2.0,1743
436,0,0.0,358.0,2.0,1744
436,1,2.0,358.0,4.0,1745
436,2,0.0,358.0,2.0,1746
436,3,0.0,358.0,2.0,1747
437,0,0.0,358.0,2.0,1748
437,1,0.0,358.0,2.0,1749
437,2,16.0,18.0,2.0,1750
437,3,16.0,18.0,2.0,1751
438,0,9.0,18.0,9.0,1752
438,1,14.0,18.0,4.0,1753
438,2,16.0,18.0,2.0,1754
438,3,13.0,18.0,5.0,1755
439,0,59.0,57.0,2.0,1756
439,1,55.0,57.0,2.0,1757
439,2,58.0,57.0,1.0,1758
439,3,59.0,57.0,2.0,1759
440,0,55.0,57.0,2.0,1760
440,1,55.0,57.0,2.0,1761
440,2,56.0,57.0,1.0,1762
440,3,56.0,57.0,1.0,1763
441,0,55.0,57.0,2.0,1764
441,1,59.0,57.0,2.0,1765
441,2,58.0,57.0,1.0,1766
441,3,67.0,69.0,2.0,1767
442,0,68.0,69.0,1.0,1768
442,1,68.0,69.0,1.0,1769
442,2,77.0,79.0,2.0,1770
442,3,77.0,79.0,2.0,1771
443,0,87.0,88.0,1.0,1772
443,1,87.0,88.0,1.0,1773
443,2,87.0,88.0,1.0,1774
443,3,87.0,88.0,1.0,1775
444,0,2.0,5.0,3.0,1776
444,1,2.0,5.0,3.0,1777
444,2,2.0,5.0,3.0,1778
444,3,2.0,5.0,3.0,1779
445,0,2.0,5.0,3.0,1780
445,1,2.0,5.0,3.0,1781
445,2,2.0,5.0,3.0,1782
445,3,2.0,5.0,3.0,1783
446,0,2.0,5.0,3.0,1784
446,1,2.0,5.0,3.0,1785
446,2,2.0,5.0,3.0,1786
446,3,2.0,5.0,3.0,1787
447,0,2.0,5.0,3.0,1788
447,1,137.0,138.0,1.0,1789
447,2,135.0,138.0,3.0,1790
447,3,135.0,138.0,3.0,1791
448,0,135.0,138.0,3.0,1792
448,1,135.0,138.0,3.0,1793
448,2,135.0,138.0,3.0,1794
448,3,137.0,138.0,1.0,1795
449,0,135.0,138.0,3.0,1796
449,1,135.0,138.0,3.0,1797
449,2,137.0,138.0,1.0,1798
449,3,135.0,138.0,3.0,1799
450,0,135.0,138.0,3.0,1800
450,1,135.0,138.0,3.0,1801
450,2,137.0,138.0,1.0,1802
450,3,135.0,138.0,3.0,1803
451,0,137.0,138.0,1.0,1804
451,1,136.0,138.0,2.0,1805
451,2,133.0,138.0,5.0,1806
451,3,137.0,138.0,1.0,1807
452,0,135.0,138.0,3.0,1808
452,1,135.0,138.0,3.0,1809
452,2,135.0,138.0,3.0,1810
452,3,135.0,138.0,3.0,1811
453,0,135.0,138.0,3.0,1812
453,1,135.0,138.0,3.0,1813
453,2,135.0,138.0,3.0,1814
453,3,135.0,138.0,3.0,1815
454,0,134.0,138.0,4.0,1816
454,1,135.0,138.0,3.0,1817
454,2,141.0,138.0,3.0,1818
454,3,140.0,138.0,2.0,1819
455,0,136.0,138.0,2.0,1820
455,1,135.0,138.0,3.0,1821
455,2,138.0,138.0,0.0,1822
455,3,135.0,138.0,3.0,1823
456,0,135.0,138.0,3.0,1824
456,1,135.0,138.0,3.0,1825
456,2,135.0,138.0,3.0,1826
456,3,135.0,138.0,3.0,1827
457,0,137.0,138.0,1.0,1828
457,1,5.0,8.0,3.0,1829
457,2,5.0,8.0,3.0,1830
457,3,7.0,8.0,1.0,1831
458,0,5.0,8.0,3.0,1832
458,1,8.0,8.0,0.0,1833
458,2,5.0,8.0,3.0,1834
458,3,5.0,8.0,3.0,1835
459,0,4.0,8.0,4.0,1836
459,1,8.0,8.0,0.0,1837
459,2,8.0,8.0,0.0,1838
459,3,5.0,8.0,3.0,1839
460,0,5.0,8.0,3.0,1840
460,1,5.0,8.0,3.0,1841
460,2,5.0,8.0,3.0,1842
460,3,5.0,8.0,3.0,1843
461,0,2.0,8.0,6.0,1844
461,1,2.0,8.0,6.0,1845
461,2,2.0,8.0,6.0,1846
461,3,8.0,8.0,0.0,1847
462,0,5.0,8.0,3.0,1848
462,1,5.0,8.0,3.0,1849
462,2,5.0,8.0,3.0,1850
462,3,2.0,8.0,6.0,1851
463,0,4.0,8.0,4.0,1852
463,1,5.0,8.0,3.0,1853
463,2,5.0,8.0,3.0,1854
463,3,9.0,8.0,1.0,1855
464,0,5.0,8.0,3.0,1856
464,1,5.0,8.0,3.0,1857
464,2,9.0,8.0,1.0,1858
464,3,9.0,8.0,1.0,1859
465,0,10.0,8.0,2.0,1860
465,1,5.0,8.0,3.0,1861
465,2,5.0,8.0,3.0,1862
465,3,5.0,8.0,3.0,1863
466,0,5.0,8.0,3.0,1864
466,1,5.0,8.0,3.0,1865
466,2,5.0,8.0,3.0,1866
466,3,9.0,8.0,1.0,1867
467,0,5.0,8.0,3.0,1868
467,1,5.0,8.0,3.0,1869
467,2,5.0,8.0,3.0,1870
467,3,2.0,8.0,6.0,1871
468,0,5.0,8.0,3.0,1872
468,1,4.0,8.0,4.0,1873
468,2,14.0,14.0,0.0,1874
468,3,16.0,14.0,2.0,1875
469,0,16.0,14.0,2.0,1876
469,1,16.0,14.0,2.0,1877
469,2,16.0,14.0,2.0,1878
469,3,14.0,14.0,0.0,1879
470,0,16.0,14.0,2.0,1880
470,1,14.0,14.0,0.0,1881
470,2,16.0,14.0,2.0,1882
470,3,13.0,14.0,1.0,1883
471,0,16.0,14.0,2.0,1884
471,1,16.0,14.0,2.0,1885
471,2,13.0,14.0,1.0,1886
471,3,16.0,14.0,2.0,1887
472,0,16.0,14.0,2.0,1888
472,1,16.0,14.0,2.0,1889
472,2,13.0,14.0,1.0,1890
472,3,16.0,14.0,2.0,1891
473,0,13.0,14.0,1.0,1892
473,1,13.0,14.0,1.0,1893
473,2,16.0,14.0,2.0,1894
473,3,16.0,14.0,2.0,1895
474,0,14.0,14.0,0.0,1896
474,1,16.0,14.0,2.0,1897
474,2,16.0,14.0,2.0,1898
474,3,16.0,14.0,2.0,1899
475,0,16.0,14.0,2.0,1900
475,1,16.0,14.0,2.0,1901
475,2,14.0,14.0,0.0,1902
475,3,16.0,14.0,2.0,1903
476,0,13.0,14.0,1.0,1904
476,1,16.0,14.0,2.0,1905
476,2,13.0,14.0,1.0,1906
476,3,14.0,14.0,0.0,1907
477,0,16.0,14.0,2.0,1908
477,1,16.0,14.0,2.0,1909
477,2,15.0,14.0,1.0,1910
477,3,16.0,14.0,2.0,1911
478,0,16.0,14.0,2.0,1912
478,1,16.0,14.0,2.0,1913
478,2,14.0,14.0,0.0,1914
478,3,16.0,14.0,2.0,1915
479,0,13.0,14.0,1.0,1916
479,1,16.0,14.0,2.0,1917
479,2,84.0,80.0,4.0,1918
479,3,82.0,80.0,2.0,1919
480,0,79.0,80.0,1.0,1920
480,1,82.0,80.0,2.0,1921
480,2,83.0,80.0,3.0,1922
480,3,80.0,80.0,0.0,1923
481,0,79.0,80.0,1.0,1924
481,1,82.0,80.0,2.0,1925
481,2,80.0,80.0,0.0,1926
481,3,83.0,80.0,3.0,1927
482,0,82.0,80.0,2.0,1928
482,1,84.0,80.0,4.0,1929
482,2,82.0,80.0,2.0,1930
482,3,79.0,80.0,1.0,1931
483,0,80.0,80.0,0.0,1932
483,1,82.0,80.0,2.0,1933
483,2,83.0,80.0,3.0,1934
483,3,79.0,80.0,1.0,1935
484,0,80.0,80.0,0.0,1936
484,1,80.0,80.0,0.0,1937
484,2,83.0,80.0,3.0,1938
484,3,83.0,80.0,3.0,1939
485,0,83.0,80.0,3.0,1940
485,1,84.0,80.0,4.0,1941
485,2,84.0,80.0,4.0,1942
485,3,82.0,80.0,2.0,1943
486,0,80.0,80.0,0.0,1944
486,1,80.0,80.0,0.0,1945
486,2,84.0,80.0,4.0,1946
486,3,80.0,80.0,0.0,1947
487,0,80.0,80.0,0.0,1948
487,1,80.0,80.0,0.0,1949
487,2,80.0,80.0,0.0,1950
487,3,80.0,80.0,0.0,1951
488,0,82.0,80.0,2.0,1952
488,1,76.0,80.0,4.0,1953
488,2,84.0,80.0,4.0,1954
488,3,85.0,80.0,5.0,1955
489,0,80.0,80.0,0.0,1956
489,1,80.0,80.0,0.0,1957
489,2,82.0,80.0,2.0,1958
489,3,82.0,80.0,2.0,1959
490,0,82.0,80.0,2.0,1960
490,1,80.0,80.0,0.0,1961
490,2,80.0,80.0,0.0,1962
490,3,80.0,80.0,0.0,1963
491,0,80.0,80.0,0.0,1964
491,1,82.0,80.0,2.0,1965
491,2,82.0,80.0,2.0,1966
491,3,84.0,80.0,4.0,1967
492,0,78.0,80.0,2.0,1968
492,1,33.0,31.0,2.0,1969
492,2,32.0,31.0,1.0,1970
492,3,32.0,31.0,1.0,1971
493,0,33.0,31.0,2.0,1972
493,1,33.0,31.0,2.0,1973
493,2,31.0,31.0,0.0,1974
493,3,33.0,31.0,2.0,1975
494,0,33.0,31.0,2.0,1976
494,1,33.0,31.0,2.0,1977
494,2,33.0,31.0,2.0,1978
494,3,33.0,31.0,2.0,1979
495,0,33.0,31.0,2.0,1980
495,1,34.0,31.0,3.0,1981
495,2,34.0,31.0,3.0,1982
495,3,31.0,31.0,0.0,1983
496,0,34.0,31.0,3.0,1984
496,1,33.0,31.0,2.0,1985
496,2,31.0,31.0,0.0,1986
496,3,33.0,31.0,2.0,1987
497,0,33.0,31.0,2.0,1988
497,1,33.0,31.0,2.0,1989
497,2,33.0,31.0,2.0,1990
497,3,32.0,31.0,1.0,1991
498,0,33.0,31.0,2.0,1992
498,1,33.0,31.0,2.0,1993
498,2,33.0,31.0,2.0,1994
498,3,33.0,31.0,2.0,1995
499,0,33.0,31.0,2.0,1996
499,1,31.0,31.0,0.0,1997
499,2,33.0,31.0,2.0,1998
499,3,33.0,31.0,2.0,1999
500,0,33.0,31.0,2.0,2000
500,1,33.0,31.0,2.0,2001
500,2,31.0,31.0,0.0,2002
500,3,33.0,31.0,2.0,2003
501,0,33.0,31.0,2.0,2004
501,1,33.0,31.0,2.0,2005
501,2,33.0,31.0,2.0,2006
501,3,32.0,31.0,1.0,2007
502,0,33.0,31.0,2.0,502
