global_idx,gt_angle,crnn_pred,crnn_error,srp_pred,srp_error,max_prob
0,41.44058697629461,41.0,0.0,40.0,1.440586976294611,0.023507772013545
1,41.4405869762946,55.0,14.0,40.0,1.4405869762945827,0.037966538220644
2,41.44058697629461,53.0,12.0,34.0,7.440586976294611,0.0240590199828147
3,41.44058697629461,68.0,27.0,40.0,1.440586976294611,0.0294161643832921
4,41.44058697629461,1.0,40.0,96.00000000000001,54.55941302370542,0.0122573180124163
6,41.44058697629462,70.0,29.0,119.0,77.55941302370536,0.0121184745803475
7,41.44058697629461,77.0,36.0,40.0,1.440586976294611,0.0362781547009944
8,41.44058697629463,81.0,40.0,40.0,1.4405869762946395,0.0271862763911485
9,41.44058697629462,68.0,27.0,40.0,1.440586976294611,0.0288247969001531
10,41.44058697629461,72.0,31.0,41.0,0.4405869762946111,0.0188269093632698
11,41.44058697629461,72.0,31.0,41.0,0.4405869762946111,0.0252525508403778
12,41.44058697629461,72.0,31.0,41.0,0.4405869762946111,0.0373701900243759
13,41.44058697629461,55.0,14.0,41.0,0.4405869762946111,0.0285535287111997
14,41.44058697629463,91.0,50.0,41.0,0.4405869762946395,0.0158589538186788
16,41.44058697629461,75.0,34.0,40.0,1.440586976294611,0.038793358951807
17,41.44058697629461,76.0,35.0,41.0,0.4405869762946111,0.0320720039308071
18,41.44058697629462,55.0,14.0,41.0,0.4405869762946111,0.0306941419839859
19,41.44058697629463,70.0,29.0,41.0,0.4405869762946395,0.020008523017168
20,41.44058697629461,75.0,34.0,41.0,0.4405869762946111,0.0251194946467876
21,41.44058697629461,75.0,34.0,40.0,1.440586976294611,0.0330491214990615
22,41.44058697629461,55.0,14.0,40.0,1.440586976294611,0.0338624194264411
23,41.44058697629461,70.0,29.0,40.0,1.440586976294611,0.0187627635896205
24,41.44058697629462,72.0,31.0,40.0,1.440586976294611,0.0257207471877336
25,41.44058697629461,70.0,29.0,41.0,0.4405869762946111,0.0134412748739123
27,41.44058697629462,1.0,40.0,40.0,1.440586976294611,0.0126924300566315
28,41.44058697629461,81.0,40.0,41.0,0.4405869762946111,0.0306148566305637
29,41.44058697629461,70.0,29.0,41.0,0.4405869762946111,0.0261527597904205
30,41.44058697629461,81.0,40.0,41.0,0.4405869762946111,0.025068124756217
32,41.44058697629462,76.0,35.0,41.0,0.4405869762946111,0.0326805301010608
33,41.44058697629461,72.0,31.0,41.0,0.4405869762946111,0.0225457474589347
34,41.44058697629463,73.0,32.0,41.0,0.4405869762946395,0.0263685453683137
36,41.44058697629462,92.0,51.0,41.0,0.4405869762946111,0.0245558023452758
37,41.44058697629463,54.0,13.0,41.0,0.4405869762946395,0.0217120014131069
38,41.44058697629461,91.0,50.0,41.0,0.4405869762946111,0.0124910101294517
39,41.44058697629461,53.0,12.0,40.0,1.440586976294611,0.0223246477544307
41,41.44058697629461,70.0,29.0,41.0,0.4405869762946111,0.0285576377063989
42,41.44058697629461,77.0,36.0,41.0,0.4405869762946111,0.0297237262129783
43,41.44058697629462,81.0,40.0,41.0,0.4405869762946111,0.0300639849156141
45,41.44058697629461,55.0,14.0,40.0,1.440586976294611,0.018267573788762
46,41.4405869762946,70.0,29.0,41.0,0.44058697629458266,0.0264819264411926
47,41.44058697629461,55.0,14.0,41.0,0.4405869762946111,0.0333107151091098
49,41.44058697629461,77.0,36.0,42.0,0.5594130237053889,0.0359953194856643
52,41.44058697629461,70.0,29.0,41.0,0.4405869762946111,0.0254269912838935
54,41.44058697629461,81.0,40.0,42.0,0.5594130237053889,0.0275016240775585
55,41.44058697629461,70.0,29.0,41.0,0.4405869762946111,0.0361625179648399
56,41.44058697629462,72.0,31.0,41.0,0.4405869762946111,0.037331324070692
57,41.44058697629461,55.0,14.0,41.0,0.4405869762946111,0.0311831478029489
58,41.44058697629462,61.0,20.0,41.0,0.4405869762946111,0.0231537073850631
59,41.44058697629462,68.0,27.0,41.0,0.4405869762946111,0.0348455794155597
61,41.44058697629461,70.0,29.0,41.0,0.4405869762946111,0.0216154027730226
62,41.44058697629461,70.0,29.0,41.0,0.4405869762946111,0.0362860113382339
64,41.44058697629461,72.0,31.0,41.0,0.4405869762946111,0.0316253043711185
65,41.44058697629461,49.0,8.0,41.0,0.4405869762946111,0.0150855770334601
66,41.44058697629461,72.0,31.0,40.0,1.440586976294611,0.0334583818912506
67,41.44058697629463,57.0,16.0,41.0,0.4405869762946395,0.0269843339920043
68,41.44058697629463,81.0,40.0,42.0,0.5594130237053605,0.0144526362419128
70,41.44058697629461,70.0,29.0,41.0,0.4405869762946111,0.0333909764885902
88,180.5,179.0,1.0,180.0,0.5,0.0395816192030906
98,180.5,190.0,10.0,8.0,172.5,0.0383643023669719
100,180.5,177.0,3.0,179.0,1.5,0.0380192473530769
102,180.5,181.0,1.0,179.0,1.5,0.0358720570802688
137,195.0,196.0,1.0,224.0,29.0,0.016802754253149
141,195.0,190.0,5.0,16.0,179.0,0.033152736723423
156,195.0,195.0,0.0,197.0,2.0,0.0396193899214267
160,195.0,196.0,1.0,197.99999999999997,2.9999999999999716,0.0202184487134218
161,195.0,194.0,1.0,340.0,145.0,0.0196763258427381
179,195.0,190.0,5.0,353.0,158.0,0.0320056192576885
219,195.0,197.0,2.0,199.0,4.0,0.0383909568190574
235,180.5,137.0,43.0,181.0,0.5,0.0310033950954675
248,180.5,184.0,4.0,134.0,46.5,0.024691142141819
251,180.5,179.0,1.0,180.0,0.5,0.038992766290903
290,180.5,190.0,10.0,184.99999999999997,4.499999999999972,0.0343937948346138
294,180.5,178.0,2.0,179.0,1.5,0.0179844833910465
308,180.5,176.0,4.0,184.99999999999997,4.499999999999972,0.0340342782437801
314,195.0,190.0,5.0,246.0,51.0,0.0254344176501035
319,195.0,190.0,5.0,197.0,2.0,0.0321815349161624
330,195.0,182.0,13.0,201.99999999999997,6.999999999999972,0.0202864110469818
332,195.0,135.0,60.0,224.99999999999997,29.99999999999997,0.0071075418964028
339,195.0,191.0,4.0,33.0,162.0,0.0182653721421957
340,195.0,190.0,5.0,199.0,4.0,0.0332014076411724
343,195.0,196.0,1.0,224.99999999999997,29.99999999999997,0.0322536416351795
345,195.0,194.0,1.0,224.0,29.0,0.0116890557110309
346,195.0,185.0,10.0,338.99999999999994,143.99999999999994,0.0324140861630439
351,195.0,174.0,21.0,188.99999999999997,6.000000000000028,0.0380036085844039
364,195.0,103.0,92.0,86.0,109.0,0.0315399952232837
368,195.0,183.0,12.0,224.99999999999997,29.99999999999997,0.022446934133768
372,141.94088552837758,145.0,4.0,151.0,9.059114471622422,0.0398101508617401
374,141.94088552837758,138.0,3.0,150.0,8.059114471622422,0.0348654873669147
376,141.94088552837755,152.0,11.0,136.0,5.9408855283775495,0.0316996946930885
384,141.94088552837755,143.0,2.0,138.0,3.9408855283775495,0.0303960368037223
388,141.94088552837755,137.0,4.0,151.0,9.05911447162245,0.039670679718256
393,141.94088552837758,151.0,10.0,136.0,5.940885528377578,0.0315704569220542
395,141.94088552837758,150.0,9.0,142.0,0.059114471622422116,0.0326281003654003
400,141.94088552837758,140.0,1.0,136.0,5.940885528377578,0.0369451232254505
401,141.94088552837755,134.0,7.0,148.0,6.0591144716224505,0.0349181555211544
402,141.94088552837755,134.0,7.0,135.0,6.9408855283775495,0.035152118653059
404,141.94088552837758,143.0,2.0,137.0,4.940885528377578,0.0391204878687858
405,141.94088552837758,144.0,3.0,146.0,4.059114471622422,0.0372796729207038
412,141.94088552837758,144.0,3.0,136.0,5.940885528377578,0.0345561876893043
416,141.94088552837758,143.0,2.0,136.0,5.940885528377578,0.0356317535042762
417,141.9408855283776,137.0,4.0,145.0,3.0591144716223937,0.0348618403077125
423,141.94088552837755,147.0,6.0,136.0,5.9408855283775495,0.0312507152557373
426,160.9356535747791,165.0,5.0,161.0,0.06434642522089007,0.020432723686099
431,160.93565357477914,164.0,4.0,166.0,5.064346425220862,0.0352426022291183
432,160.93565357477914,160.0,0.0,155.0,5.935653574779138,0.0323852598667144
442,160.9356535747791,162.0,2.0,155.0,5.93565357477911,0.0231173411011695
444,160.93565357477917,161.0,1.0,156.0,4.935653574779167,0.0358106046915054
457,160.9356535747791,164.0,4.0,170.0,9.06434642522089,0.0297571215778589
462,160.93565357477914,164.0,4.0,159.0,1.9356535747791384,0.0325816087424755
465,160.9356535747791,160.0,0.0,162.0,1.06434642522089,0.0291137807071208
470,160.93565357477917,167.0,7.0,167.0,6.064346425220833,0.0396456308662891
474,160.93565357477914,162.0,2.0,156.0,4.935653574779138,0.0360247604548931
477,160.93565357477914,157.0,3.0,156.0,4.935653574779138,0.0357336029410362
479,36.38219298897479,48.0,12.0,35.0,1.3821929889747935,0.0266316588968038
480,36.38219298897479,53.0,17.0,37.0,0.6178070110252065,0.0323040448129177
481,36.38219298897479,75.0,39.0,36.0,0.3821929889747935,0.0263504981994628
482,36.38219298897479,53.0,17.0,37.0,0.6178070110252065,0.0180891491472721
483,36.38219298897478,41.0,5.0,37.0,0.6178070110252065,0.0201661419123411
484,36.38219298897477,70.0,34.0,36.0,0.38219298897476506,0.0241973381489515
485,36.38219298897477,70.0,34.0,34.0,2.382192988974765,0.0153181012719869
486,36.38219298897479,53.0,17.0,35.0,1.3821929889747935,0.0156286507844924
487,36.38219298897477,49.0,13.0,37.0,0.6178070110252349,0.0194139424711465
488,36.38219298897479,70.0,34.0,35.0,1.3821929889747935,0.0162038803100585
489,36.38219298897479,70.0,34.0,38.0,1.6178070110252065,0.0261612087488174
490,36.38219298897479,70.0,34.0,35.0,1.3821929889747935,0.0131542896851897
491,36.38219298897479,53.0,17.0,36.0,0.3821929889747935,0.0155400456860661
492,36.38219298897478,49.0,13.0,34.0,2.3821929889747935,0.0263728164136409
493,36.38219298897479,72.0,36.0,35.0,1.3821929889747935,0.0226237196475267
494,36.38219298897478,53.0,17.0,33.0,3.3821929889747935,0.025659117847681
495,36.38219298897479,70.0,34.0,37.0,0.6178070110252065,0.0146544519811868
496,36.38219298897479,343.0,53.0,37.0,0.6178070110252065,0.0105513576418161
497,36.38219298897479,81.0,45.0,36.0,0.3821929889747935,0.0134955141693353
498,36.72052187629732,1.0,35.0,36.0,0.7205218762973118,0.0127829629927873
499,36.720521876297326,48.0,12.0,37.0,0.2794781237026882,0.0232663117349147
500,36.72052187629732,92.0,56.0,36.0,0.7205218762973118,0.0098648974671959
501,36.72052187629732,3.0,33.0,34.0,2.720521876297312,0.0156514383852481
502,36.720521876297326,48.0,12.0,34.0,2.720521876297312,0.0327468514442443
503,36.720521876297326,55.0,19.0,25.0,11.720521876297312,0.025605296716094
504,36.720521876297326,29.0,7.0,32.0,4.720521876297312,0.0269822757691144
505,36.72052187629732,15.0,21.0,37.0,0.2794781237026882,0.0200113113969564
506,36.72052187629732,29.0,7.0,33.0,3.720521876297312,0.0290347002446651
507,36.72052187629732,49.0,13.0,37.0,0.2794781237026882,0.0172628294676542
508,36.72052187629733,1.0,35.0,36.0,0.7205218762973402,0.0168805625289678
509,36.72052187629732,46.0,10.0,42.0,5.279478123702688,0.0311481188982725
510,36.720521876297326,45.0,9.0,39.0,2.279478123702688,0.0139201208949089
511,36.72052187629732,33.0,3.0,35.0,1.7205218762973118,0.0162743758410215
512,36.720521876297326,92.0,56.0,37.0,0.2794781237026882,0.0161778274923563
513,36.720521876297326,38.0,2.0,32.0,4.720521876297312,0.0222009625285863
514,36.72052187629732,36.0,0.0,37.0,0.2794781237026882,0.0296206846833229
515,36.72052187629733,44.0,8.0,35.0,1.7205218762973402,0.0218435786664485
516,36.72052187629732,92.0,56.0,37.0,0.2794781237026882,0.0105357486754655
517,36.72052187629734,15.0,21.0,35.0,1.7205218762973402,0.0195492692291736
518,36.720521876297326,31.0,5.0,33.0,3.720521876297312,0.0350156091153621
519,36.72052187629732,81.0,45.0,37.0,0.2794781237026882,0.0150284180417656
520,36.720521876297326,36.0,0.0,39.0,2.279478123702688,0.0358733311295509
521,36.720521876297326,31.0,5.0,353.0,43.72052187629731,0.0267461501061916
522,36.72052187629733,15.0,21.0,36.0,0.7205218762973402,0.0263637285679578
523,36.720521876297326,92.0,56.0,103.0,66.27947812370269,0.0100774876773357
524,36.720521876297326,48.0,12.0,37.0,0.2794781237026882,0.0112941982224583
525,36.72052187629732,49.0,13.0,37.0,0.2794781237026882,0.0172406584024429
526,36.72052187629733,31.0,5.0,35.0,1.7205218762973402,0.0304922703653574
527,36.72052187629732,40.0,4.0,37.0,0.2794781237026882,0.0212951656430959
528,36.72052187629732,39.0,3.0,56.0,19.279478123702688,0.0182189084589481
529,36.72052187629732,28.0,8.0,32.0,4.720521876297312,0.0224231947213411
530,36.72052187629732,77.0,41.0,37.0,0.2794781237026882,0.0111101800575852
531,36.720521876297326,3.0,33.0,34.0,2.720521876297312,0.0157542694360017
532,36.72052187629732,36.0,0.0,37.0,0.2794781237026882,0.0228910110890865
533,36.720521876297326,31.0,5.0,35.0,1.7205218762973118,0.0265380498021841
534,36.720521876297326,49.0,13.0,36.0,0.7205218762973118,0.0135117443278431
535,36.72052187629734,1.0,35.0,36.0,0.7205218762973402,0.0185884423553943
536,36.72052187629732,48.0,12.0,36.0,0.7205218762973118,0.0107491184026002
537,36.72052187629733,1.0,35.0,37.0,0.2794781237026598,0.0184638015925884
538,36.720521876297326,48.0,12.0,36.0,0.7205218762973118,0.0222221165895462
539,36.720521876297326,29.0,7.0,36.0,0.7205218762973118,0.0281628593802452
540,36.72052187629733,48.0,12.0,35.0,1.7205218762973402,0.0199497751891613
541,36.720521876297326,36.0,0.0,35.0,1.7205218762973118,0.0357588678598403
542,36.72052187629732,48.0,12.0,36.0,0.7205218762973118,0.0187482647597789
543,36.72052187629732,39.0,3.0,36.0,0.7205218762973118,0.0196487195789814
544,36.72052187629732,41.0,5.0,36.0,0.7205218762973118,0.0322640053927898
545,36.720521876297326,46.0,10.0,38.0,1.2794781237026882,0.0241178814321756
546,36.720521876297326,29.0,7.0,34.0,2.720521876297312,0.0232176464051008
547,36.72052187629734,21.0,15.0,31.0,5.72052187629734,0.0335607007145881
548,36.72052187629733,29.0,7.0,33.0,3.72052187629734,0.0227986797690391
549,36.72052187629733,29.0,7.0,35.0,1.7205218762973402,0.024138668552041
550,36.72052187629732,33.0,3.0,33.0,3.720521876297312,0.0184949375689029
551,34.501380166287014,48.0,14.0,34.0,0.5013801662870208,0.0126635646447539
552,34.50138016628702,0.0,34.0,31.0,3.5013801662870208,0.035260085016489
553,34.50138016628701,17.0,17.0,38.0,3.4986198337130077,0.024974362924695
554,34.50138016628702,3.0,31.0,34.0,0.5013801662870208,0.0244814045727252
555,34.50138016628701,1.0,33.0,36.0,1.4986198337130077,0.0211319532245397
556,34.50138016628702,31.0,3.0,35.0,0.49861983371297924,0.0330565981566906
557,34.50138016628701,10.0,24.0,29.000000000000004,5.501380166286992,0.0261814426630735
558,34.501380166287014,36.0,2.0,35.0,0.49861983371297924,0.0167589355260133
559,34.501380166287014,40.0,6.0,41.0,6.498619833712979,0.0232927873730659
560,34.50138016628701,1.0,33.0,35.0,0.49861983371300767,0.0155706955119967
561,34.50138016628702,24.0,10.0,32.0,2.5013801662870208,0.0300297383219003
562,34.50138016628702,21.0,13.0,29.000000000000004,5.501380166287021,0.0288447272032499
563,34.501380166287014,0.0,34.0,34.0,0.5013801662870208,0.0267426744103431
564,34.50138016628701,29.0,5.0,22.0,12.501380166286992,0.0325692780315876
565,34.50138016628701,46.0,12.0,37.0,2.4986198337130077,0.0121384067460894
566,34.501380166287014,29.0,5.0,33.0,1.5013801662870208,0.0169410780072212
567,34.50138016628701,41.0,7.0,29.999999999999996,4.501380166287021,0.0293273348361253
568,34.50138016628703,36.0,2.0,34.0,0.5013801662870208,0.0156522188335657
569,34.50138016628701,13.0,21.0,36.0,1.4986198337130077,0.0168543588370084
570,34.50138016628701,19.0,15.0,32.0,2.5013801662869923,0.0268061626702547
571,34.501380166287014,31.0,3.0,32.0,2.5013801662870208,0.0304763820022344
572,34.501380166287014,33.0,1.0,35.0,0.49861983371297924,0.0311125852167606
573,34.501380166287014,1.0,33.0,35.0,0.49861983371297924,0.0289354138076305
574,34.50138016628701,36.0,2.0,29.999999999999996,4.501380166287021,0.0316566787660121
575,34.501380166287014,17.0,17.0,33.0,1.5013801662870208,0.0242043770849704
576,34.50138016628701,77.0,43.0,34.0,0.5013801662869923,0.0129733998328447
577,34.501380166287,1.0,33.0,36.0,1.4986198337130077,0.0139573980122804
578,34.501380166287014,347.0,47.0,34.0,0.5013801662870208,0.0218023564666509
579,34.50138016628703,15.0,19.0,36.0,1.4986198337129792,0.0215758606791496
580,34.501380166287014,25.0,9.0,33.0,1.5013801662870208,0.0304946359246969
581,34.50138016628701,17.0,17.0,43.0,8.498619833713008,0.0312824621796608
582,34.501380166287014,21.0,13.0,32.0,2.5013801662870208,0.0286235399544239
583,34.50138016628701,20.0,14.0,34.0,0.5013801662869923,0.016873387619853
584,34.501380166287014,349.0,45.0,36.0,1.4986198337129792,0.0255466904491186
585,34.501380166287014,92.0,58.0,35.0,0.49861983371297924,0.0164758265018463
586,34.50138016628701,31.0,3.0,32.0,2.5013801662869923,0.0208709985017776
587,34.501380166287014,3.0,31.0,33.0,1.5013801662870208,0.0159697402268648
588,34.501380166287014,1.0,33.0,34.0,0.5013801662870208,0.0168998632580041
589,34.501380166287014,22.0,12.0,26.0,8.50138016628702,0.0274373572319746
590,34.50138016628701,29.0,5.0,31.0,3.5013801662869923,0.0335314944386482
591,34.50138016628701,31.0,3.0,31.0,3.5013801662869923,0.0372270718216896
592,34.50138016628702,15.0,19.0,32.0,2.5013801662870208,0.0173761863261461
593,34.50138016628703,22.0,12.0,341.0,53.50138016628705,0.0255538336932659
594,34.50138016628701,36.0,2.0,33.0,1.5013801662869923,0.0222023278474807
595,34.50138016628701,29.0,5.0,33.0,1.5013801662869923,0.0358582362532615
596,34.501380166287014,10.0,24.0,31.0,3.5013801662870208,0.0289944894611835
597,34.50138016628701,4.0,30.0,36.0,1.4986198337130077,0.0239327475428581
598,34.501380166287014,29.0,5.0,35.0,0.49861983371297924,0.0324475690722465
599,34.501380166287014,15.0,19.0,35.0,0.49861983371297924,0.0201259013265371
601,14.296889332772542,19.0,5.0,21.0,6.703110667227463,0.0239703636616468
604,14.29688933277255,13.0,1.0,14.999999999999998,0.7031106672274632,0.036166813224554
605,14.296889332772544,3.0,11.0,18.0,3.703110667227463,0.030188450589776
607,14.296889332772544,17.0,3.0,20.0,5.703110667227463,0.0366368889808654
609,14.296889332772546,15.0,1.0,8.0,6.296889332772537,0.0305212754756212
615,14.296889332772544,15.0,1.0,18.0,3.703110667227463,0.0254462659358978
616,14.296889332772546,13.0,1.0,14.0,0.2968893327725368,0.0335100702941417
617,14.296889332772546,13.0,1.0,18.0,3.703110667227463,0.0324454493820667
620,14.296889332772544,15.0,1.0,7.0,7.296889332772537,0.0265474319458007
621,14.296889332772546,2.0,12.0,18.0,3.703110667227463,0.0234450064599514
627,14.296889332772544,16.0,2.0,7.0,7.296889332772537,0.0254544988274574
629,14.296889332772544,2.0,12.0,14.999999999999998,0.7031106672274632,0.0279656834900379
631,14.296889332772546,15.0,1.0,11.0,3.296889332772537,0.0328336246311664
634,14.296889332772546,13.0,1.0,14.0,0.2968893327725368,0.0375775657594203
646,100.64825261685564,181.0,81.0,99.0,1.6482526168556433,0.0203782562166452
651,100.64825261685564,104.0,4.0,98.0,2.6482526168556433,0.0234094765037298
652,100.64825261685564,179.0,79.0,109.0,8.351747383144357,0.0390932112932205
653,100.64825261685564,179.0,79.0,100.0,0.6482526168556433,0.020044919103384
658,100.64825261685564,179.0,79.0,108.0,7.351747383144357,0.0158714596182107
660,100.64825261685564,104.0,4.0,94.0,6.648252616855643,0.0202023107558488
661,100.64825261685564,175.0,75.0,99.0,1.6482526168556433,0.0178335849195718
662,100.64825261685564,179.0,79.0,105.00000000000001,4.351747383144357,0.0210691485553979
663,100.64825261685564,175.0,75.0,95.0,5.648252616855643,0.0327759906649589
664,100.64825261685564,100.0,0.0,94.0,6.648252616855643,0.0299207493662834
666,100.64825261685564,183.0,83.0,105.00000000000001,4.351747383144357,0.0215239413082599
667,100.64825261685564,175.0,75.0,94.0,6.648252616855643,0.0141923679038882
669,100.64825261685564,94.0,6.0,97.0,3.6482526168556433,0.0220956429839134
670,100.64825261685564,107.0,7.0,96.00000000000001,4.648252616855643,0.0231980048120021
673,100.64825261685564,104.0,4.0,100.0,0.6482526168556433,0.0132588651031255
674,100.64825261685564,91.0,9.0,96.00000000000001,4.648252616855643,0.0365573726594448
675,100.64825261685564,110.0,10.0,94.0,6.648252616855643,0.0192557517439126
678,100.64825261685564,179.0,79.0,108.0,7.351747383144357,0.0265810322016477
680,100.64825261685564,175.0,75.0,97.0,3.6482526168556433,0.0369201563298702
682,100.64825261685564,104.0,4.0,100.0,0.6482526168556433,0.0268806610256433
683,100.64825261685564,94.0,6.0,103.0,2.3517473831443567,0.0374230705201625
684,100.64825261685564,93.0,7.0,100.0,0.6482526168556433,0.0336442254483699
685,100.64825261685564,102.0,2.0,94.0,6.648252616855643,0.0202170331031084
687,100.64825261685564,96.0,4.0,94.0,6.648252616855643,0.0390688739717006
688,100.64825261685564,109.0,9.0,94.0,6.648252616855643,0.0200143419206142
690,100.64825261685564,104.0,4.0,99.0,1.6482526168556433,0.0183452907949686
693,100.6482526168556,183.0,83.0,109.0,8.351747383144414,0.035831794142723
694,100.64825261685564,100.0,0.0,99.0,1.6482526168556433,0.0177681520581245
697,100.64825261685564,106.0,6.0,99.0,1.6482526168556433,0.0282471012324094
698,100.64825261685564,179.0,79.0,107.0,6.351747383144357,0.0388461276888847
701,100.64825261685564,182.0,82.0,99.0,1.6482526168556433,0.0355914868414402
702,100.64825261685564,95.0,5.0,105.00000000000001,4.351747383144357,0.0296532046049833
706,116.54411750721484,114.0,2.0,123.00000000000001,6.455882492785179,0.0202708728611469
717,116.5441175072149,165.0,49.0,116.00000000000001,0.5441175072148781,0.0245168861001729
725,116.54411750721482,118.0,2.0,116.00000000000001,0.5441175072148212,0.0324620306491851
728,78.22518145953758,91.0,13.0,82.0,3.7748185404624337,0.0359237864613533
729,78.2251814595376,81.0,3.0,74.0,4.225181459537595,0.0164550673216581
731,78.22518145953757,91.0,13.0,74.0,4.225181459537566,0.030519725754857
733,78.22518145953758,91.0,13.0,74.0,4.225181459537566,0.0383373834192752
735,78.22518145953757,191.0,113.0,76.0,2.2251814595375663,0.0181140601634979
736,78.22518145953758,84.0,6.0,73.0,5.225181459537566,0.0365948937833309
741,78.22518145953758,92.0,14.0,85.0,6.774818540462434,0.0282904673367738
742,78.22518145953758,92.0,14.0,81.0,2.7748185404624337,0.0377211570739746
744,78.22518145953757,76.0,2.0,77.0,1.2251814595375663,0.0322678051888942
748,78.22518145953757,92.0,14.0,85.0,6.774818540462434,0.0386031456291675
751,78.22518145953761,92.0,14.0,73.0,5.225181459537623,0.0163445193320512
752,78.22518145953758,77.0,1.0,76.0,2.2251814595375663,0.012723309919238
753,78.22518145953757,92.0,14.0,77.0,1.2251814595375663,0.0331954024732112
754,78.22518145953757,91.0,13.0,73.0,5.225181459537566,0.0291442777961492
762,62.39000036469728,55.0,7.0,61.0,1.390000364697272,0.036519356071949
763,62.39000036469728,68.0,6.0,64.0,1.609999635302728,0.0378543362021446
771,62.39000036469728,68.0,6.0,65.0,2.609999635302728,0.0272153224796056
772,62.39000036469728,55.0,7.0,59.00000000000001,3.390000364697272,0.0367489494383335
776,35.40090252449941,348.0,47.0,123.00000000000001,87.59909747550057,0.0135406646877527
777,35.40090252449941,351.0,44.0,168.0,132.59909747550057,0.0107613997533917
778,35.400902524499394,9.0,26.0,181.99999999999997,146.59909747550057,0.0205554421991109
779,35.400902524499415,353.0,42.0,35.0,0.4009025244994291,0.0207200590521097
780,35.400902524499394,72.0,37.0,127.00000000000001,91.59909747550063,0.0316002704203128
781,35.400902524499415,349.0,46.0,35.0,0.4009025244994291,0.0151306502521038
782,35.40090252449941,64.0,29.0,128.0,92.59909747550057,0.0307786408811807
783,35.40090252449942,68.0,33.0,121.0,85.59909747550057,0.0325881615281105
784,35.4009025244994,53.0,18.0,33.0,2.4009025244994007,0.0189125593751668
785,35.4009025244994,349.0,46.0,131.0,95.59909747550057,0.0114958016201853
786,35.40090252449941,49.0,14.0,31.0,4.400902524499401,0.0199539978057146
787,35.40090252449939,77.0,42.0,33.0,2.4009025244993722,0.0149531103670597
788,35.40090252449941,72.0,37.0,35.0,0.40090252449940067,0.0116108199581503
790,35.4009025244994,73.0,38.0,33.0,2.4009025244994007,0.0113879283890128
791,35.40090252449941,22.0,13.0,28.0,7.400902524499401,0.0222822949290275
792,35.4009025244994,3.0,32.0,34.0,1.4009025244994007,0.0165330898016691
793,35.4009025244994,345.0,50.0,138.0,102.59909747550057,0.0198955852538347
794,35.4009025244994,3.0,32.0,33.0,2.4009025244994007,0.0163595974445343
795,35.40090252449941,48.0,13.0,36.0,0.5990974755005993,0.0143006239086389
800,47.12587074965924,1.0,46.0,44.99999999999999,2.125870749659242,0.0124083701521158
802,47.12587074965925,49.0,2.0,44.99999999999999,2.1258707496592706,0.0132849933579564
805,47.125870749659256,53.0,6.0,126.0,78.87412925034073,0.0179859288036823
809,47.12587074965925,68.0,21.0,122.0,74.87412925034076,0.0254715271294116
810,47.12587074965925,21.0,26.0,123.00000000000001,75.87412925034076,0.0220696423202753
813,47.12587074965925,64.0,17.0,46.0,1.1258707496592422,0.017702242359519
814,47.12587074965925,65.0,18.0,130.0,82.87412925034073,0.0217152871191501
815,47.12587074965925,12.0,35.0,46.0,1.1258707496592422,0.0089620761573314
818,47.12587074965924,64.0,17.0,351.0,56.12587074965927,0.0366884656250476
819,47.12587074965924,57.0,10.0,135.0,87.87412925034073,0.0297180823981761
820,47.125870749659256,73.0,26.0,133.0,85.87412925034073,0.0260780956596136
821,47.12587074965924,55.0,8.0,46.0,1.1258707496592422,0.03857297077775
822,47.12587074965922,68.0,21.0,47.0,0.12587074965921374,0.0393177196383476
824,47.12587074965924,49.0,2.0,47.0,0.12587074965924216,0.0140132494270801
828,47.12587074965924,53.0,6.0,126.0,78.87412925034073,0.0264578089118003
829,47.12587074965925,55.0,8.0,46.0,1.1258707496592422,0.0191743969917297
830,47.12587074965925,21.0,26.0,46.0,1.1258707496592422,0.019770972430706
831,47.12587074965925,73.0,26.0,48.00000000000001,0.8741292503407578,0.0336622446775436
835,58.97879986439497,49.0,9.0,57.00000000000001,1.978799864394972,0.0354428067803382
837,58.97879986439498,69.0,11.0,61.0,2.021200135605028,0.0319154858589172
848,58.978799864394986,68.0,10.0,59.99999999999999,1.0212001356049996,0.0298526063561439
849,58.978799864394965,58.0,0.0,57.00000000000001,1.9787998643949436,0.0292197708040475
854,58.97879986439498,68.0,10.0,59.99999999999999,1.0212001356049996,0.0331119894981384
855,58.97879986439498,55.0,3.0,57.00000000000001,1.978799864394972,0.0337545089423656
856,44.28949342105263,80.0,36.0,43.0,1.28949342105264,0.037072941660881
857,44.28949342105263,68.0,24.0,43.0,1.28949342105264,0.0203644223511219
859,44.28949342105263,72.0,28.0,43.0,1.28949342105264,0.0344454534351825
860,44.28949342105264,91.0,47.0,43.0,1.28949342105264,0.025663623586297
862,44.28949342105264,72.0,28.0,43.0,1.28949342105264,0.0337991192936897
865,44.28949342105263,69.0,25.0,43.0,1.28949342105264,0.0322984457015991
866,44.28949342105263,192.0,148.0,43.0,1.28949342105264,0.0113641256466507
867,44.28949342105263,81.0,37.0,43.0,1.28949342105264,0.0330537259578704
869,44.28949342105264,68.0,24.0,43.0,1.28949342105264,0.0388332530856132
881,61.25492014766839,55.0,6.0,58.00000000000001,3.254920147668372,0.0284949503839015
885,61.25492014766839,56.0,5.0,58.00000000000001,3.254920147668372,0.0363644398748874
886,61.25492014766839,61.0,0.0,59.00000000000001,2.254920147668372,0.0190031547099351
894,152.74479044145875,152.0,0.0,125.00000000000001,27.744790441458747,0.0355184562504291
895,152.74479044145872,153.0,1.0,147.0,5.7447904414587185,0.0379222072660923
898,152.74479044145875,157.0,5.0,144.0,8.744790441458747,0.0363770648837089
899,152.74479044145872,157.0,5.0,150.0,2.7447904414587185,0.0340770445764064
900,152.74479044145875,155.0,3.0,142.0,10.744790441458747,0.0327135473489761
905,65.17339531596454,48.0,17.0,119.99999999999999,54.82660468403543,0.0322929434478282
906,65.17339531596453,72.0,7.0,67.0,1.8266046840354875,0.0145163098350167
909,65.17339531596453,50.0,15.0,62.0,3.1733953159645125,0.0300281383097171
912,65.17339531596454,46.0,19.0,138.0,72.82660468403546,0.0182580165565013
921,65.17339531596453,46.0,19.0,131.0,65.82660468403549,0.028003241866827
925,65.17339531596453,48.0,17.0,128.0,62.82660468403549,0.0118337608873844
926,65.17339531596453,44.0,21.0,125.00000000000001,59.82660468403549,0.0394742786884307
927,65.17339531596453,49.0,16.0,62.0,3.1733953159645125,0.0266544334590435
928,65.17339531596454,64.0,1.0,334.0,91.17339531596451,0.0216991920024156
930,69.19427190583802,57.0,12.0,129.0,59.805728094161964,0.035816740244627
931,69.19427190583804,82.0,13.0,125.00000000000001,55.805728094161964,0.0220698826014995
932,69.19427190583802,73.0,4.0,66.0,3.194271905838036,0.0317752212285995
934,69.19427190583802,67.0,2.0,131.0,61.805728094161964,0.037164356559515
935,69.19427190583804,130.0,61.0,130.0,60.805728094161964,0.0098164696246385
936,69.19427190583804,68.0,1.0,67.0,2.194271905838036,0.0254335589706897
937,69.19427190583802,43.0,26.0,68.0,1.1942719058380362,0.0199916642159223
940,69.19427190583801,53.0,16.0,132.0,62.80572809416199,0.0245308484882116
942,69.19427190583801,56.0,13.0,65.0,4.194271905838008,0.0249710585922002
943,69.19427190583804,64.0,5.0,126.0,56.805728094161964,0.0319479145109653
944,69.19427190583804,72.0,3.0,69.0,0.19427190583803622,0.0290188584476709
948,69.19427190583804,57.0,12.0,72.0,2.805728094161964,0.0317043177783489
949,69.19427190583805,62.0,7.0,66.0,3.194271905838036,0.0241551529616117
951,69.19427190583804,57.0,12.0,65.0,4.194271905838036,0.0226664245128631
952,69.19427190583805,50.0,19.0,121.0,51.805728094161964,0.0076428828760981
953,69.19427190583802,57.0,12.0,68.0,1.1942719058380362,0.0393720231950283
954,69.19427190583804,57.0,12.0,137.0,67.80572809416196,0.0308437105268239
959,68.97204345883641,76.0,8.0,64.0,4.972043458836424,0.038207072764635
961,68.97204345883641,79.0,11.0,65.0,3.972043458836424,0.0396116822957992
963,68.9720434588364,78.0,10.0,71.0,2.0279565411636042,0.0306059326976537
973,68.97204345883641,76.0,8.0,71.0,2.027956541163576,0.0191234368830919
977,68.9720434588364,79.0,11.0,65.0,3.9720434588363958,0.0326442196965217
978,68.97204345883641,81.0,13.0,66.0,2.972043458836424,0.0254924017935991
980,68.94058019439078,72.0,4.0,71.0,2.059419805609224,0.0385241694748401
989,68.94058019439076,81.0,13.0,68.0,0.9405801943907477,0.0234894659370183
990,68.94058019439075,76.0,8.0,70.0,1.0594198056092523,0.0303938798606395
996,68.94058019439076,77.0,9.0,65.0,3.9405801943907477,0.0258875135332345
998,68.94058019439075,77.0,9.0,78.0,9.059419805609252,0.0295206941664218
1002,68.94058019439076,78.0,10.0,67.0,1.9405801943907477,0.0312049891799688
1003,68.94058019439073,81.0,13.0,65.0,3.9405801943907477,0.0342692695558071
1004,68.94058019439075,77.0,9.0,65.0,3.9405801943907477,0.0329970084130764
1010,68.94058019439076,77.0,9.0,65.0,3.9405801943907477,0.0362182222306728
1014,49.62896304146873,55.0,6.0,50.0,0.3710369585312776,0.0290156975388526
1016,49.62896304146875,77.0,28.0,47.0,2.628963041468751,0.0251104738563299
1017,49.62896304146875,74.0,25.0,49.0,0.6289630414687508,0.0336046405136585
1018,49.62896304146874,70.0,21.0,48.00000000000001,1.6289630414687224,0.0289451051503419
1020,49.62896304146875,76.0,27.0,49.0,0.6289630414687508,0.0240638833492994
1022,49.62896304146874,61.0,12.0,48.00000000000001,1.6289630414687224,0.0335482731461524
1023,49.62896304146874,60.0,11.0,49.0,0.6289630414687508,0.0352373644709587
1025,49.62896304146874,49.0,0.0,49.0,0.6289630414687508,0.0120665719732642
1028,49.62896304146874,70.0,21.0,48.00000000000001,1.6289630414687224,0.0390991680324077
1030,49.62896304146874,70.0,21.0,49.0,0.6289630414687508,0.0330608524382114
1033,49.62896304146874,70.0,21.0,50.0,0.3710369585312492,0.0167012680321931
1036,49.62896304146874,76.0,27.0,43.0,6.628963041468751,0.0331937223672866
1037,49.62896304146875,70.0,21.0,50.0,0.3710369585312492,0.0380667224526405
1038,49.62896304146874,76.0,27.0,47.0,2.628963041468751,0.037776555866003
1040,49.62896304146874,68.0,19.0,48.00000000000001,1.6289630414687224,0.0361350364983081
1042,49.62896304146875,70.0,21.0,47.0,2.628963041468751,0.0106447227299213
1044,49.62896304146873,81.0,32.0,50.0,0.3710369585312776,0.0372273512184619
1045,49.62896304146875,70.0,21.0,48.00000000000001,1.6289630414687508,0.0180030670017004
1046,57.59051782928314,64.0,7.0,81.0,23.40948217071687,0.0346587933599948
1048,57.59051782928313,55.0,2.0,54.00000000000001,3.5905178292831295,0.0333604216575622
1050,57.59051782928313,68.0,11.0,58.00000000000001,0.40948217071687054,0.0349639505147933
1056,57.59051782928313,55.0,2.0,59.99999999999999,2.4094821707168705,0.0388008467853069
1057,57.59051782928314,68.0,11.0,55.00000000000001,2.5905178292831295,0.0369363613426685
1061,57.59051782928313,69.0,12.0,56.0,1.5905178292831295,0.0318334139883518
1063,57.59051782928312,75.0,18.0,55.00000000000001,2.590517829283101,0.0329523347318172
1064,57.59051782928314,72.0,15.0,55.00000000000001,2.5905178292831295,0.0385548956692218
1069,57.59051782928313,72.0,15.0,55.00000000000001,2.5905178292831295,0.0387845151126384
1071,57.59051782928314,68.0,11.0,55.00000000000001,2.5905178292831295,0.0366042032837867
1073,33.70479985623679,348.0,45.0,32.0,1.7047998562367752,0.014833646826446
1074,33.70479985623679,349.0,44.0,32.0,1.7047998562367752,0.0259304847568273
1075,33.70479985623679,92.0,59.0,32.0,1.7047998562367752,0.0272484123706817
1076,33.70479985623679,348.0,45.0,33.0,0.7047998562367752,0.0252019464969635
1077,33.7047998562368,1.0,32.0,32.0,1.7047998562368036,0.0196979269385337
1078,33.70479985623678,347.0,46.0,32.0,1.7047998562367752,0.013525509275496
1079,33.70479985623679,92.0,59.0,32.0,1.7047998562367752,0.0291711594909429
1080,33.70479985623679,348.0,45.0,90.0,56.295200143763225,0.0180716235190629
1082,33.70479985623679,92.0,59.0,32.0,1.7047998562367752,0.023006135597825
1083,33.7047998562368,15.0,18.0,32.0,1.7047998562368036,0.018661955371499
1084,33.70479985623679,345.0,48.0,32.0,1.7047998562367752,0.0150630949065089
1085,33.70479985623679,48.0,15.0,31.0,2.704799856236775,0.012869568541646
1086,33.70479985623679,1.0,32.0,32.0,1.7047998562367752,0.0190021116286516
1088,33.7047998562368,0.0,33.0,32.0,1.7047998562368036,0.0230864770710468
1089,33.70479985623679,3.0,30.0,32.0,1.7047998562367752,0.0238198917359113
1090,33.70479985623679,75.0,42.0,33.0,0.7047998562367752,0.0106354160234332
1091,14.394924701934016,1.0,13.0,13.0,1.3949247019340305,0.0395561158657074
1092,14.394924701934016,13.0,1.0,14.999999999999998,0.6050752980659695,0.0370321385562419
1093,14.394924701934018,0.0,14.0,14.0,0.3949247019340305,0.0379145927727222
1096,14.394924701934022,3.0,11.0,12.0,2.3949247019340305,0.0324163399636745
1097,14.394924701934013,0.0,14.0,14.0,0.3949247019340021,0.0397896319627761
1106,74.39176536719576,84.0,10.0,71.0,3.3917653671957737,0.0397122204303741
1107,74.39176536719576,81.0,7.0,71.0,3.3917653671957737,0.0387518890202045
1108,74.39176536719577,192.0,118.0,72.0,2.3917653671957737,0.0274121630936861
1109,74.39176536719577,80.0,6.0,74.0,0.3917653671957737,0.0360368154942989
1110,74.39176536719579,82.0,8.0,73.0,1.3917653671957737,0.0185556784272193
1111,74.3917653671958,192.0,118.0,149.0,74.6082346328042,0.0277854911983013
1112,74.39176536719579,78.0,4.0,71.0,3.3917653671957737,0.0371826812624931
1113,74.39176536719575,75.0,1.0,71.0,3.3917653671957453,0.0209533497691154
1114,74.39176536719577,81.0,7.0,72.0,2.3917653671957737,0.0310922879725694
1115,74.39176536719576,81.0,7.0,72.0,2.3917653671957737,0.0285056810826063
1117,74.39176536719577,80.0,6.0,79.0,4.608234632804226,0.0372740514576435
1118,74.39176536719575,81.0,7.0,71.0,3.3917653671957453,0.0344509929418563
1119,74.39176536719576,91.0,17.0,71.0,3.3917653671957737,0.029483700171113
1120,74.39176536719577,48.0,26.0,71.0,3.3917653671957737,0.0184303671121597
1121,74.39176536719577,48.0,26.0,72.0,2.3917653671957737,0.0180459953844547
1122,74.39176536719576,77.0,3.0,72.0,2.3917653671957737,0.0275510009378194
1123,74.39176536719577,76.0,2.0,71.0,3.3917653671957737,0.0164627842605114
1124,74.39176536719577,81.0,7.0,71.0,3.3917653671957737,0.0293951425701379
1125,74.39176536719576,192.0,118.0,71.0,3.3917653671957737,0.0221958104521036
1126,74.39176536719575,81.0,7.0,71.0,3.3917653671957453,0.025195688009262
1127,74.39176536719577,81.0,7.0,71.0,3.3917653671957737,0.0245076101273298
1128,74.39176536719576,81.0,7.0,71.0,3.3917653671957737,0.021881204098463
1130,74.39176536719576,190.0,116.0,71.0,3.3917653671957737,0.0252601969987154
1131,74.39176536719576,192.0,118.0,71.0,3.3917653671957737,0.02750607393682
1132,74.39176536719577,81.0,7.0,71.0,3.3917653671957737,0.0286216847598552
1133,74.39176536719576,75.0,1.0,72.0,2.3917653671957737,0.0126438960433006
1134,74.39176536719579,92.0,18.0,72.0,2.3917653671957737,0.0268386341631412
1135,74.39176536719576,92.0,18.0,71.0,3.3917653671957737,0.0280073322355747
1137,74.39176536719577,75.0,1.0,71.0,3.3917653671957737,0.0161067955195903
1138,74.39176536719575,72.0,2.0,72.0,2.3917653671957453,0.012370515614748
1139,74.39176536719577,81.0,7.0,71.0,3.3917653671957737,0.031744435429573
1142,57.618213003002985,49.0,8.0,56.0,1.6182130030029782,0.0171186495572328
1143,57.618213003002985,72.0,15.0,57.00000000000001,0.6182130030029782,0.0267475172877311
1144,57.61821300300298,68.0,11.0,88.0,30.381786996997022,0.0344578325748443
1145,57.618213003002985,68.0,11.0,79.0,21.381786996997022,0.0341191738843917
1146,57.61821300300298,68.0,11.0,55.00000000000001,2.618213003002978,0.0395068638026714
1148,57.61821300300299,68.0,11.0,56.0,1.6182130030030066,0.0388926491141319
1150,57.61821300300299,78.0,21.0,55.00000000000001,2.618213003002978,0.0353300906717777
1152,57.618213003002985,72.0,15.0,54.00000000000001,3.618213003002978,0.0346705876290798
1156,57.618213003002985,68.0,11.0,55.00000000000001,2.618213003002978,0.0376941747963428
1160,57.61821300300299,68.0,11.0,55.00000000000001,2.618213003002978,0.0347915813326835
1161,57.618213003003,69.0,12.0,86.0,28.381786996996993,0.0300778448581695
1162,57.61821300300299,72.0,15.0,55.00000000000001,2.618213003002978,0.0372335463762283
1164,57.618213003002985,68.0,11.0,55.00000000000001,2.618213003002978,0.0239306259900331
1165,57.618213003003,72.0,15.0,55.00000000000001,2.6182130030030066,0.0271665081381797
1168,57.61821300300297,68.0,11.0,55.00000000000001,2.61821300300295,0.0303164813667535
1169,57.61821300300299,72.0,15.0,55.00000000000001,2.618213003002978,0.0289431232959032
1170,57.61821300300299,72.0,15.0,57.00000000000001,0.6182130030029782,0.0339948609471321
1172,3.519061596587029,352.0,11.0,79.0,75.48093840341298,0.0375567823648452
1173,3.519061596587031,174.0,171.0,3.0000000000000004,0.5190615965870222,0.0338474214076995
1174,3.519061596587029,1.0,2.0,2.0,1.5190615965870222,0.032914500683546
1193,178.5,182.0,4.0,181.99999999999997,3.4999999999999716,0.0332239121198654
1247,178.5,179.0,1.0,181.0,2.5,0.0288657825440168
1250,178.5,179.0,1.0,181.0,2.5,0.0333177372813224
1257,178.5,190.0,12.0,181.0,2.5,0.0365261621773242
1261,178.5,190.0,12.0,182.99999999999997,4.499999999999972,0.0372807309031486
1285,178.5,190.0,12.0,183.99999999999997,5.499999999999972,0.0385689325630664
1288,178.5,174.0,4.0,181.0,2.5,0.0364270024001598
1327,178.5,181.0,3.0,181.0,2.5,0.0395001918077468
1366,178.5,190.0,12.0,183.99999999999997,5.499999999999972,0.0336396247148513
1415,178.5,189.0,11.0,183.99999999999997,5.499999999999972,0.0299109909683465
1483,57.59051782928312,61.0,4.0,55.00000000000001,2.590517829283101,0.0382358282804489
1487,57.59051782928314,78.0,21.0,57.00000000000001,0.5905178292831295,0.0343889333307743
1489,57.59051782928312,72.0,15.0,55.00000000000001,2.590517829283101,0.0393111333250999
1494,57.59051782928314,61.0,4.0,55.00000000000001,2.5905178292831295,0.0353204645216465
1496,57.59051782928313,72.0,15.0,55.00000000000001,2.5905178292831295,0.0388711206614971
1498,57.59051782928312,61.0,4.0,74.0,16.40948217071687,0.0387640185654163
1499,57.59051782928312,78.0,21.0,55.00000000000001,2.590517829283101,0.0364509895443916
1500,57.59051782928314,61.0,4.0,56.0,1.5905178292831295,0.0277398005127906
1509,14.394924701934016,0.0,14.0,13.0,1.3949247019340305,0.0397653318941593
1514,14.394924701934022,1.0,13.0,13.0,1.3949247019340305,0.0363600961863994
1523,14.394924701934018,25.0,11.0,13.0,1.3949247019340305,0.0253240503370761
1524,74.39176536719576,81.0,7.0,81.0,6.608234632804226,0.0289614833891391
1526,74.39176536719577,347.0,87.0,72.0,2.3917653671957737,0.0128541141748428
1527,74.39176536719577,192.0,118.0,71.0,3.3917653671957737,0.0395119562745094
1528,74.39176536719579,82.0,8.0,71.0,3.3917653671957737,0.0196456499397754
1529,74.3917653671958,92.0,18.0,71.0,3.391765367195802,0.0261566154658794
1530,74.39176536719579,81.0,7.0,71.0,3.3917653671957737,0.0379706695675849
1533,74.39176536719576,192.0,118.0,72.0,2.3917653671957737,0.0344411619007587
1534,74.39176536719576,192.0,118.0,72.0,2.3917653671957737,0.0256905648857355
1535,74.39176536719577,88.0,14.0,71.0,3.3917653671957737,0.0384212844073772
1536,74.39176536719575,88.0,14.0,71.0,3.3917653671957453,0.0327839218080043
1537,74.39176536719576,91.0,17.0,71.0,3.3917653671957737,0.0285508595407009
1538,74.39176536719577,66.0,8.0,71.0,3.3917653671957737,0.0108659425750374
1539,74.39176536719577,48.0,26.0,71.0,3.3917653671957737,0.0154149672016501
1541,74.39176536719577,81.0,7.0,71.0,3.3917653671957737,0.026859538629651
1542,74.39176536719577,78.0,4.0,72.0,2.3917653671957737,0.0288216397166252
1543,74.39176536719576,92.0,18.0,83.0,8.608234632804226,0.0239450242370367
1544,74.39176536719575,92.0,18.0,71.0,3.3917653671957453,0.0223951116204261
1545,74.39176536719577,85.0,11.0,71.0,3.3917653671957737,0.0322908163070678
1546,74.39176536719576,80.0,6.0,71.0,3.3917653671957737,0.0134661700576543
1550,74.39176536719577,81.0,7.0,71.0,3.3917653671957737,0.0205267630517482
1551,74.39176536719576,76.0,2.0,71.0,3.3917653671957737,0.015906885266304
1552,74.39176536719579,92.0,18.0,71.0,3.3917653671957737,0.0351402200758457
1553,74.39176536719576,92.0,18.0,71.0,3.3917653671957737,0.0275839809328317
1555,74.39176536719577,192.0,118.0,72.0,2.3917653671957737,0.0148774934932589
1556,74.39176536719575,72.0,2.0,72.0,2.3917653671957453,0.0169006492942571
1558,57.61813837935176,61.0,4.0,55.00000000000001,2.6181383793517625,0.039268996566534
1560,57.61813837935173,64.0,7.0,55.00000000000001,2.6181383793517057,0.0286205317825078
1562,57.61813837935177,72.0,15.0,55.00000000000001,2.6181383793517625,0.025355689227581
1566,57.61813837935176,66.0,9.0,55.00000000000001,2.6181383793517625,0.038763403892517
1570,57.61813837935176,72.0,15.0,55.00000000000001,2.6181383793517625,0.0391321778297424
1571,57.61813837935176,61.0,4.0,80.0,22.381861620648237,0.0284496992826461
1574,57.61813837935176,53.0,4.0,64.0,6.3818616206482375,0.0318250767886638
1576,57.61813837935177,72.0,15.0,55.00000000000001,2.6181383793517625,0.0348919592797756
1578,57.61813837935173,68.0,11.0,55.00000000000001,2.6181383793517057,0.034856766462326
1580,57.61813837935176,72.0,15.0,55.00000000000001,2.6181383793517625,0.0395427979528903
1581,57.61813837935176,68.0,11.0,55.00000000000001,2.6181383793517625,0.035489197820425
1582,57.61813837935173,68.0,11.0,71.0,13.381861620648266,0.0363940596580505
1583,57.61813837935175,72.0,15.0,55.00000000000001,2.618138379351734,0.0330019369721412
1585,57.61813837935177,61.0,4.0,55.00000000000001,2.6181383793517625,0.0309689547866582
1586,57.61813837935172,72.0,15.0,55.00000000000001,2.6181383793517057,0.0384329371154308
1594,3.5187791265909105,174.0,171.0,2.0,1.518779126590914,0.0287918075919151
1605,73.1037665671524,92.0,19.0,136.0,62.896233432847595,0.0126317823305726
1606,73.10376656715242,0.0,73.0,137.0,63.896233432847566,0.0264810100197792
1607,73.10376656715242,64.0,9.0,129.0,55.896233432847566,0.013735176064074
1608,73.10376656715239,80.0,7.0,123.00000000000001,49.89623343284762,0.0220674965530633
1609,73.10376656715242,348.0,85.0,126.0,52.896233432847566,0.0166607704013586
1610,73.10376656715242,191.0,118.0,137.0,63.896233432847566,0.0278450157493352
1611,73.10376656715242,80.0,7.0,73.0,0.10376656715243371,0.0389613769948482
1612,73.1037665671524,81.0,8.0,352.0,81.10376656715243,0.0322694070637226
1613,73.10376656715239,92.0,19.0,124.0,50.89623343284762,0.0333760939538478
1614,73.1037665671524,191.0,118.0,134.0,60.896233432847595,0.0187472645193338
1615,73.1037665671524,190.0,117.0,122.0,48.896233432847595,0.022423792630434
1616,73.10376656715242,64.0,9.0,136.0,62.896233432847566,0.0117733124643564
1617,73.10376656715242,89.0,16.0,121.0,47.896233432847566,0.0151119790971279
1618,73.10376656715242,72.0,1.0,122.0,48.896233432847566,0.0177144389599561
1619,73.10376656715242,191.0,118.0,123.00000000000001,49.896233432847595,0.0106122000142931
1620,73.10376656715242,80.0,7.0,73.0,0.10376656715243371,0.0301880333572626
1621,73.10376656715239,75.0,2.0,132.0,58.89623343284762,0.0188185758888721
1622,73.10376656715242,184.0,111.0,126.0,52.896233432847566,0.0304579716175794
1623,73.10376656715242,11.0,62.0,121.0,47.896233432847566,0.0140760261565446
1624,73.10376656715242,1.0,72.0,137.0,63.896233432847566,0.0148244481533765
1625,73.1037665671524,92.0,19.0,126.0,52.896233432847595,0.0170838814228773
1626,73.10376656715239,348.0,85.0,137.0,63.89623343284762,0.0271675568073987
1628,73.10376656715242,353.0,80.0,122.0,48.896233432847566,0.0112785147503018
1629,73.10376656715242,75.0,2.0,72.0,1.1037665671524337,0.0217206347733736
1630,73.1037665671524,194.0,121.0,346.0,87.10376656715243,0.0140580665320158
1631,73.10376656715242,192.0,119.0,135.0,61.896233432847566,0.0252241306006908
1632,73.10376656715242,75.0,2.0,73.0,0.10376656715243371,0.0140102244913578
1633,73.10376656715242,80.0,7.0,134.0,60.896233432847566,0.0219247676432132
1634,94.33684214392991,356.0,98.0,121.0,26.663157856070086,0.0307019688189029
1635,94.33684214392991,92.0,2.0,126.0,31.663157856070086,0.0289660338312387
1637,94.33684214392991,92.0,2.0,122.0,27.663157856070086,0.0147492550313472
1638,94.33684214392991,0.0,94.0,132.0,37.663157856070086,0.0203607063740491
1641,94.33684214392991,187.0,93.0,122.0,27.663157856070086,0.0274060945957899
1642,94.33684214392994,187.0,93.0,108.0,13.663157856070058,0.02001229301095
1644,35.83189439698714,351.0,44.0,164.0,128.16810560301286,0.0145183643326163
1645,35.831894396987146,75.0,40.0,130.0,94.16810560301286,0.0342733636498451
1646,35.831894396987146,1.0,34.0,171.0,135.16810560301286,0.0277625918388366
1647,35.83189439698714,1.0,34.0,35.0,0.8318943969871384,0.0157767329365015
1648,35.83189439698713,354.0,41.0,126.0,90.16810560301286,0.0125915706157684
1649,35.83189439698714,41.0,6.0,125.00000000000001,89.16810560301286,0.0204400643706321
1651,35.83189439698714,346.0,49.0,185.99999999999997,150.1681056030128,0.012628742493689
1652,35.831894396987146,77.0,42.0,138.0,102.16810560301286,0.038452360779047
1653,35.83189439698714,49.0,14.0,34.0,1.8318943969871384,0.0129091758280992
1654,35.83189439698714,354.0,41.0,128.0,92.16810560301286,0.0360234640538692
1655,35.83189439698716,72.0,37.0,34.0,1.8318943969871668,0.017414316534996
1656,35.83189439698713,349.0,46.0,124.0,88.16810560301286,0.0178662836551666
1657,35.83189439698714,1.0,34.0,336.0,59.83189439698714,0.0225553605705499
1658,35.831894396987146,72.0,37.0,128.0,92.16810560301286,0.028537156060338
1659,35.831894396987146,4.0,31.0,123.00000000000001,87.16810560301286,0.0252504535019397
1660,35.83189439698714,49.0,14.0,136.0,100.16810560301286,0.0120253404602408
1661,35.83189439698714,48.0,13.0,122.0,86.16810560301286,0.0187115930020809
1662,35.831894396987146,348.0,47.0,127.00000000000001,91.16810560301286,0.0296023804694414
1663,35.83189439698714,75.0,40.0,122.0,86.16810560301286,0.0225193798542022
1664,35.83189439698714,75.0,40.0,127.00000000000001,91.16810560301286,0.0145570887252688
1665,35.83189439698714,55.0,20.0,128.0,92.16810560301286,0.0255131907761096
1667,35.83189439698714,346.0,49.0,34.0,1.8318943969871384,0.0118041802197694
1668,35.83189439698714,0.0,35.0,35.0,0.8318943969871384,0.0375885628163814
1669,35.83189439698714,77.0,42.0,177.0,141.16810560301286,0.0257717594504356
1672,28.335676437333344,1.0,27.0,127.00000000000001,98.66432356266665,0.0261910688132047
1673,28.335676437333337,1.0,27.0,126.0,97.66432356266665,0.0215476416051387
1674,28.335676437333344,356.0,32.0,131.0,102.66432356266665,0.0269380528479814
1675,28.335676437333348,0.0,28.0,129.0,100.66432356266665,0.0158049259334802
1676,28.335676437333344,179.0,151.0,157.0,128.66432356266665,0.0149196069687604
1678,28.335676437333333,13.0,15.0,128.0,99.66432356266665,0.0323208048939704
1680,28.335676437333333,0.0,28.0,129.0,100.66432356266665,0.0350440554320812
1681,28.335676437333344,356.0,32.0,123.00000000000001,94.66432356266665,0.0368699468672275
1682,28.335676437333337,4.0,24.0,29.999999999999996,1.6643235626666524,0.0398363396525383
1684,28.335676437333344,346.0,42.0,129.0,100.66432356266665,0.0378563702106475
1686,17.321218680990196,184.0,167.0,124.0,106.67878131900977,0.0230697914958
1687,17.321218680990196,192.0,175.0,17.000000000000004,0.32121868099019935,0.0173861533403396
1688,17.32121868099019,17.0,0.0,131.0,113.67878131900983,0.0235522557049989
1689,17.321218680990196,351.0,26.0,136.0,118.67878131900977,0.0342530086636543
1690,17.321218680990192,1.0,16.0,125.00000000000001,107.67878131900983,0.0246649011969566
1691,17.321218680990196,0.0,17.0,137.0,119.67878131900977,0.0375984199345111
1695,17.321218680990192,11.0,6.0,130.0,112.67878131900977,0.0205119382590055
1696,17.32121868099019,0.0,17.0,129.0,111.67878131900983,0.0247747581452131
1699,17.321218680990192,4.0,13.0,131.0,113.67878131900977,0.0321534164249897
1700,17.321218680990196,1.0,16.0,169.0,151.67878131900977,0.0127414055168628
1701,17.321218680990192,1.0,16.0,124.0,106.67878131900977,0.0154404314234852
1705,17.321218680990196,11.0,6.0,129.0,111.67878131900977,0.0140197966247797
1706,17.321218680990196,3.0,14.0,122.0,104.67878131900977,0.0332130379974842
1708,17.32121868099019,0.0,17.0,20.0,2.6787813190098007,0.0359074510633945
1709,17.321218680990196,0.0,17.0,21.0,3.6787813190098007,0.0253390446305274
1710,17.32121868099019,0.0,17.0,129.0,111.67878131900983,0.0224821213632822
1712,17.32121868099019,4.0,13.0,123.00000000000001,105.67878131900983,0.0386631600558757
1713,17.321218680990192,0.0,17.0,137.0,119.67878131900977,0.0284665506333112
1714,17.321218680990196,10.0,7.0,123.00000000000001,105.67878131900983,0.0356553494930267
1715,33.57409085209532,40.0,7.0,351.0,42.57409085209531,0.0152776446193456
1718,33.57409085209533,0.0,33.0,124.0,90.42590914790469,0.0357713289558887
1719,33.57409085209534,196.0,163.0,127.00000000000001,93.42590914790469,0.0197990257292985
1721,33.57409085209533,20.0,13.0,139.0,105.42590914790469,0.0181689765304327
1722,33.57409085209531,348.0,45.0,133.0,99.42590914790469,0.0383047759532928
1723,33.57409085209532,0.0,33.0,123.00000000000001,89.42590914790469,0.0344589054584503
1724,33.57409085209531,1.0,32.0,123.00000000000001,89.42590914790469,0.0201912950724363
1725,33.57409085209532,31.0,2.0,128.0,94.42590914790469,0.0118944579735398
1726,33.574090852095324,3.0,30.0,137.0,103.42590914790469,0.0366763547062873
1727,33.574090852095324,1.0,32.0,133.0,99.42590914790469,0.0161463189870119
1728,33.57409085209532,3.0,30.0,122.0,88.42590914790469,0.0168452244251966
1729,33.57409085209531,353.0,40.0,123.00000000000001,89.42590914790469,0.0179325304925441
1730,358.4720291642012,0.0,2.0,128.0,129.52797083579878,0.0265261735767126
1731,358.4720291642012,182.0,176.0,134.0,135.52797083579878,0.030214138329029
1733,358.4720291642012,0.0,2.0,137.0,138.52797083579878,0.0308247283101081
1735,358.4720291642012,351.0,7.0,133.0,134.52797083579878,0.0332661606371402
1741,358.4720291642012,348.0,10.0,133.0,134.52797083579878,0.0387136824429035
1742,358.4720291642011,0.0,2.0,346.0,12.472029164201103,0.0395125970244407
1745,358.4720291642013,4.0,6.0,125.00000000000001,126.52797083579873,0.0325291790068149
1751,18.057374726315786,0.0,18.0,130.0,111.9426252736842,0.0307521466165781
1752,18.057374726315786,191.0,173.0,140.0,121.9426252736842,0.0169905554503202
1755,18.057374726315786,0.0,18.0,130.0,111.9426252736842,0.0276893265545368
1758,57.114508518627446,55.0,2.0,57.00000000000001,0.11450851862744571,0.0342356339097023
1762,57.114508518627446,62.0,5.0,133.0,75.88549148137255,0.0258614178746938
1766,57.114508518627446,68.0,11.0,58.00000000000001,0.8854914813725543,0.0271978080272674
1770,79.03546519672133,92.0,13.0,122.0,42.96453480327867,0.0158523265272378
1771,79.03546519672132,348.0,91.0,133.0,53.964534803278696,0.0247808154672384
1772,88.21211869805197,187.0,99.0,91.0,2.7878813019480333,0.016474736854434
1773,88.21211869805197,348.0,100.0,138.0,49.78788130194803,0.0321229472756385
1775,88.21211869805197,92.0,4.0,94.0,5.787881301948033,0.0375667586922645
1776,5.3889387736449885,1.0,4.0,82.0,76.61106122635499,0.0372677966952323
1781,5.388938773644989,1.0,4.0,2.0,3.3889387736449805,0.0183671209961175
1782,5.388938773644989,174.0,169.0,5.0,0.38893877364498053,0.0338157750666141
1785,5.38893877364499,1.0,4.0,6.000000000000001,0.6110612263550195,0.0108797568827867
1786,5.388938773644988,171.0,166.0,3.0000000000000004,2.3889387736449805,0.0171244051307439
1787,5.3889387736449885,174.0,169.0,76.0,70.61106122635499,0.0295206550508737
1788,5.38893877364499,174.0,169.0,2.0,3.3889387736449805,0.0199645888060331
1790,138.9439691584731,140.0,2.0,136.0,2.943969158473095,0.0373061671853065
1796,138.9439691584731,144.0,6.0,141.0,2.056030841526905,0.0382018163800239
1797,138.9439691584731,135.0,3.0,128.0,10.943969158473095,0.0375833325088024
1799,138.94396915847312,144.0,6.0,142.0,3.0560308415268764,0.0362088344991207
1805,138.94396915847312,135.0,3.0,141.0,2.0560308415268764,0.0385599844157695
1814,138.94396915847312,135.0,3.0,136.0,2.9439691584731236,0.0390458777546882
1815,138.94396915847312,140.0,2.0,134.0,4.943969158473124,0.0394550785422325
1821,138.94396915847318,143.0,5.0,130.0,8.94396915847318,0.0373787619173526
1824,138.94396915847312,131.0,7.0,126.0,12.943969158473124,0.0352428443729877
1825,138.94396915847312,144.0,6.0,142.0,3.0560308415268764,0.0356387160718441
1830,8.161444638346076,352.0,16.0,6.000000000000001,2.161444638346069,0.0377421677112579
1832,8.161444638346078,1.0,7.0,13.0,4.838555361653931,0.0275936760008335
1833,8.161444638346076,170.0,162.0,13.0,4.838555361653931,0.0355552732944488
1838,8.161444638346076,173.0,165.0,6.000000000000001,2.161444638346069,0.012729643844068
1839,8.161444638346078,1.0,7.0,10.0,1.8385553616539312,0.0221242494881153
1843,8.161444638346074,1.0,7.0,10.0,1.8385553616539312,0.0204986538738012
1845,8.161444638346076,1.0,7.0,6.000000000000001,2.161444638346069,0.0331231243908405
1846,8.161444638346072,1.0,7.0,89.0,80.8385553616539,0.0113846454769372
1852,8.161444638346074,0.0,8.0,90.0,81.8385553616539,0.0341831184923648
1853,8.161444638346072,171.0,163.0,14.0,5.838555361653931,0.017776783555746
1855,8.161444638346078,1.0,7.0,14.0,5.838555361653931,0.0235103778541088
1856,8.161444638346076,1.0,7.0,5.0,3.161444638346069,0.0301748551428318
1857,8.161444638346074,174.0,166.0,13.0,4.838555361653931,0.0236468184739351
1858,8.161444638346076,0.0,8.0,6.000000000000001,2.161444638346069,0.0345601737499237
1861,8.161444638346074,0.0,8.0,6.000000000000001,2.161444638346069,0.0348025597631931
1866,8.161444638346074,1.0,7.0,9.0,0.8385553616539312,0.0181945376098155
1867,8.161444638346076,1.0,7.0,8.0,0.16144463834606881,0.021291583776474
1868,8.161444638346076,0.0,8.0,76.0,67.83855536165393,0.0161296688020229
1869,8.161444638346074,1.0,7.0,14.0,5.838555361653931,0.0282199252396821
1871,8.161444638346074,0.0,8.0,6.000000000000001,2.161444638346069,0.039208959788084
1872,8.161444638346076,170.0,162.0,80.0,71.83855536165393,0.0288585629314184
1873,8.161444638346076,164.0,156.0,163.0,154.8385553616539,0.0134012019261717
1875,14.560592575891585,0.0,14.0,11.0,3.560592575891576,0.0378746725618839
1878,14.560592575891585,11.0,3.0,21.0,6.439407424108424,0.0395321249961853
1884,14.560592575891585,2.0,12.0,11.0,3.560592575891576,0.0361989140510559
1895,14.560592575891588,351.0,23.0,14.0,0.560592575891576,0.0399246029555797
1900,14.560592575891585,346.0,28.0,14.0,0.560592575891576,0.0188707299530506
1901,14.560592575891588,182.0,168.0,14.999999999999998,0.43940742410842404,0.0381066910922527
1907,14.560592575891592,0.0,14.0,11.0,3.5605925758916044,0.0383891016244888
1910,14.560592575891585,15.0,1.0,11.0,3.560592575891576,0.0267802886664867
1919,80.12853824181494,88.0,8.0,83.0,2.871461758185063,0.0184820294380188
1920,80.12853824181491,91.0,11.0,80.0,0.12853824181490836,0.0374858677387237
1921,80.12853824181494,190.0,110.0,83.0,2.871461758185063,0.0269084498286247
1923,80.12853824181494,186.0,106.0,81.0,0.8714617581850632,0.0338915959000587
1924,80.12853824181494,68.0,12.0,78.0,2.128538241814937,0.0089808274060487
1927,80.12853824181494,194.0,114.0,83.0,2.871461758185063,0.0361393801867961
1928,80.12853824181495,88.0,8.0,82.0,1.8714617581850348,0.0142402043566107
1933,80.12853824181495,190.0,110.0,76.0,4.128538241814965,0.0112181659787893
1935,80.12853824181495,191.0,111.0,79.0,1.1285382418149652,0.0249941237270832
1936,80.12853824181494,88.0,8.0,81.0,0.8714617581850632,0.0295144859701395
1937,80.12853824181495,88.0,8.0,75.0,5.128538241814965,0.0301897320896387
1939,80.12853824181491,190.0,110.0,83.0,2.8714617581850916,0.0346741564571857
1940,80.1285382418149,190.0,110.0,77.0,3.1285382418149084,0.0377662815153598
1944,80.12853824181492,91.0,11.0,80.0,0.12853824181490836,0.0247068796306848
1945,80.1285382418149,88.0,8.0,81.0,0.8714617581850916,0.0291118118911981
1946,80.12853824181494,187.0,107.0,75.0,5.128538241814937,0.013376910239458
1947,80.12853824181494,186.0,106.0,83.0,2.871461758185063,0.0110836159437894
1950,80.12853824181494,88.0,8.0,83.0,2.871461758185063,0.0321493409574031
1951,80.12853824181494,192.0,112.0,83.0,2.871461758185063,0.0270701721310615
1953,80.12853824181494,197.0,117.0,80.0,0.12853824181493678,0.0153270382434129
1954,80.12853824181494,192.0,112.0,73.0,7.128538241814937,0.0379837714135646
1955,80.1285382418149,91.0,11.0,83.0,2.8714617581850916,0.0319750122725963
1958,80.12853824181497,92.0,12.0,76.0,4.128538241814965,0.0308535192161798
1959,80.12853824181494,190.0,110.0,82.0,1.8714617581850632,0.0376687459647655
1960,80.12853824181495,196.0,116.0,83.0,2.871461758185035,0.0382480137050151
1962,80.1285382418149,82.0,2.0,75.0,5.128538241814908,0.0205696243792772
1964,80.1285382418149,90.0,10.0,75.0,5.128538241814908,0.039496723562479
1965,80.12853824181495,87.0,7.0,83.0,2.871461758185035,0.0231352299451828
1968,80.12853824181492,71.0,9.0,75.0,5.128538241814908,0.0143811888992786
1970,31.92341097765681,354.0,37.0,77.0,45.07658902234317,0.029918922111392
1971,31.92341097765682,0.0,31.0,32.0,0.07658902234317111,0.0380101725459098
1973,31.92341097765681,0.0,31.0,29.999999999999996,1.923410977656829,0.0274213198572397
1974,31.92341097765681,0.0,31.0,81.0,49.07658902234317,0.0369298718869686
1976,31.92341097765682,15.0,16.0,33.0,1.076589022343171,0.0193517077714204
1977,31.92341097765683,347.0,44.0,29.999999999999996,1.923410977656829,0.0321927927434444
1978,31.92341097765683,349.0,42.0,29.999999999999996,1.923410977656829,0.0362029857933521
1979,31.92341097765682,0.0,31.0,31.0,0.9234109776568289,0.0135716311633586
1980,31.92341097765682,0.0,31.0,36.0,4.076589022343171,0.0289698634296655
1981,31.92341097765681,0.0,31.0,29.999999999999996,1.923410977656829,0.0336693935096263
1982,31.92341097765681,0.0,31.0,33.0,1.0765890223431995,0.0235100574791431
1983,31.923410977656832,347.0,44.0,29.999999999999996,1.923410977656829,0.0302827470004558
1984,31.92341097765683,1.0,30.0,86.0,54.07658902234317,0.031411875039339
1989,31.92341097765683,9.0,22.0,29.999999999999996,1.923410977656829,0.0350411050021648
1990,31.92341097765681,0.0,31.0,29.999999999999996,1.923410977656829,0.0313502214848995
1991,31.92341097765681,0.0,31.0,29.999999999999996,1.923410977656829,0.0325068905949592
1992,31.92341097765681,0.0,31.0,85.0,53.07658902234317,0.03725466132164
1993,31.923410977656825,0.0,31.0,31.0,0.9234109776568289,0.0261596590280532
1996,31.923410977656832,349.0,42.0,29.999999999999996,1.923410977656829,0.0382594726979732
1998,31.92341097765683,348.0,43.0,29.999999999999996,1.923410977656829,0.0363831780850887
1999,31.923410977656825,3.0,28.0,34.0,2.076589022343171,0.0146112209185957
2000,31.92341097765683,0.0,31.0,29.999999999999996,1.923410977656829,0.0248191710561513
2001,31.923410977656825,347.0,44.0,80.0,48.07658902234317,0.0395710207521915
2003,31.923410977656825,11.0,20.0,32.0,0.07658902234317111,0.01858427003026
2004,31.923410977656832,348.0,43.0,34.0,2.076589022343171,0.03349244967103
2005,31.923410977656825,3.0,28.0,33.0,1.076589022343171,0.0346688367426395
2006,31.92341097765681,17.0,14.0,29.999999999999996,1.923410977656829,0.0263730231672525
2007,31.92341097765681,348.0,43.0,31.0,0.9234109776568005,0.0268013328313827
502,36.720521876297326,0.0,31.0,34.0,2.720521876297312,0.0323854424059391
